"country","iso","year","month","total","financial","humanitarian","military","commitments","to_be_allocated","gdp","pct_gdp"
"Australia","AUS",2022,2,0.002645,0,0,0.002645,0.002645,0,1312.77115526256,0.000201482184415531
"Australia","AUS",2022,3,0.142911,0,0.0653,0.077611,0.142912,0.000001,1312.77115526256,0.0108862081122903
"Australia","AUS",2022,4,0.069697,0,0,0.069697,0.069697,0,1312.77115526256,0.00530915077777287
"Australia","AUS",2022,5,0.040613,0,0,0.040613,0.040613,0,1312.77115526256,0.00309368467133004
"Australia","AUS",2022,7,0.073368,0,0.000538,0.07283,0.073369,0.000001,1312.77115526256,0.00558878824430951
"Australia","AUS",2022,10,0.067827,0,0.017449,0.050378,0.067827,0,1312.77115526256,0.00516670401601218
"Australia","AUS",2023,2,0.021271,0,0,0.021271,0.021271,0,1312.77115526256,0.0016203128713432
"Australia","AUS",2023,6,0.068081,0,0.006189,0.061892,0.068081,0,1312.77115526256,0.00518605239969518
"Australia","AUS",2023,7,0.044763,0,0,0.044763,0.044763,0,1312.77115526256,0.00340980983780431
"Australia","AUS",2023,10,0.012022,0,0,0.012022,0.012022,0,1312.77115526256,0.00091577271116957
"Australia","AUS",2024,2,0.030242,0,0,0.030242,0.030242,0,1312.77115526256,0.00230367645409999
"Australia","AUS",2024,4,0.060719,0,0,0.060719,0.060719,0,1312.77115526256,0.00462525397184371
"Australia","AUS",2024,5,0.018998,0,0.018998,0,0.018998,0,1312.77115526256,0.00144716768980199
"Australia","AUS",2024,7,0.154392,0,0.000615,0.153777,0.154392,0,1312.77115526256,0.0117607702897099
"Australia","AUS",2024,10,0.150773,0,0,0.150773,0.150773,0,1312.77115526256,0.0114850939095965
"Australia","AUS",2024,11,0.008607,0,0,0.008607,0.008607,0,1312.77115526256,0.000655635977793752
"Australia","AUS",2024,12,0.046029,0,0.046029,0,0.046029,0,1312.77115526256,0.00350624705726369
"Australia","AUS",2025,3,0,0,0,0,0.004954,0.004954,1312.77115526256,0
"Australia","AUS",2025,4,0,0,0,0,0.004954,0.004954,1312.77115526256,0
"Australia","AUS",2025,12,0.053874,0,0,0.053874,0.023535,-0.030339,1312.77115526256,0.00410383788400843
"Australia","AUS",2026,1,0.005779,0,0.005779,0,0.005779,0,1312.77115526256,0.000440213816157789
"Austria","AUT",2022,2,0.001042,0,0.001042,0,0.001042,0,406.148669999993,0.000256556299938153
"Austria","AUT",2022,3,0.013256,0.01,0,0.003256,0.013256,0,406.148669999993,0.00326382947406924
"Austria","AUT",2022,5,0,0,0,0,0.0544,0.0544,406.148669999993,0
"Austria","AUT",2022,6,0.010818,0,0.010818,0,0.010818,0,406.148669999993,0.0026635566724865
"Austria","AUT",2022,9,0.001835,0,0.001835,0,0.001835,0,406.148669999993,0.000451805000370931
"Austria","AUT",2022,11,0.025321,0.01,0.015321,0,0.025321,0,406.148669999993,0.00623441657460073
"Austria","AUT",2022,12,0.025,0.02,0.005,0,0.025,0,406.148669999993,0.0061553814764432
"Austria","AUT",2023,1,0.005,0,0.005,0,0.005,0,406.148669999993,0.00123107629528864
"Austria","AUT",2023,2,0.003148,0,0.003148,0,0.003148,0,406.148669999993,0.000775085635513728
"Austria","AUT",2023,3,0.018,0,0.018,0,0.018,0,406.148669999993,0.0044318746630391
"Austria","AUT",2023,4,0.001158,0,0.001158,0,0.001158,0,406.148669999993,0.000285117269988849
"Austria","AUT",2023,5,0.002,0,0.002,0,0.002,0,406.148669999993,0.000492430518115456
"Austria","AUT",2023,6,0.001,0,0.001,0,0.001,0,406.148669999993,0.000246215259057728
"Austria","AUT",2023,7,0.015,0.015,0,0,0.015,0,406.148669999993,0.00369322888586592
"Austria","AUT",2023,9,0.001,0,0.001,0,0.001,0,406.148669999993,0.000246215259057728
"Austria","AUT",2023,10,0.04,0.04,0,0,0.04,0,406.148669999993,0.00984861036230912
"Austria","AUT",2024,5,0.005,0,0.005,0,0.005,0,406.148669999993,0.00123107629528864
"Austria","AUT",2024,6,0.01,0,0.01,0,0.006,-0.004,406.148669999993,0.00246215259057728
"Austria","AUT",2024,7,0.000738,0,0.000738,0,0.000738,0,406.148669999993,0.000181706861184603
"Austria","AUT",2024,11,0.008,0,0.008,0,0.008,0,406.148669999993,0.00196972207246182
"Austria","AUT",2024,12,0.01017,0.01,0.00017,0,0.01017,0,406.148669999993,0.00250400918461709
"Austria","AUT",2025,3,0.011,0,0.011,0,0.011,0,406.148669999993,0.00270836784963501
"Austria","AUT",2025,5,0,0,0,0,0.02,0.02,406.148669999993,0
"Austria","AUT",2025,8,0.002,0,0.002,0,0,-0.002,406.148669999993,0.000492430518115456
"Austria","AUT",2025,10,0.005,0,0.005,0,0,-0.005,406.148669999993,0.00123107629528864
"Austria","AUT",2025,11,0.014706,0.014706,0,0,0.014706,0,406.148669999993,0.00362084159970295
"Austria","AUT",2025,12,0.002045,0,0.002045,0,0.002045,0,406.148669999993,0.000503510204773054
"Austria","AUT",2026,1,0.006,0,0.006,0,0,-0.006,406.148669999993,0.00147729155434637
"Austria","AUT",2026,2,0.0176,0,0.0176,0,0,-0.0176,406.148669999993,0.00433338855941601
"Belgium","BEL",2022,2,0.076,0,0,0.076,0.076,0,502.311599999992,0.0151300507493757
"Belgium","BEL",2022,3,0.01463,0,0.00363,0.011,0.01463,0,502.311599999992,0.00291253476925483
"Belgium","BEL",2022,4,0,0,0,0,0.0606,0.0606,502.311599999992,0
"Belgium","BEL",2022,5,0.002646,0,0,0.002646,0.002646,0,502.311599999992,0.000526764661616424
"Belgium","BEL",2022,7,0.011439,0,0.0008,0.010639,0.010639,-0.0008,502.311599999992,0.00227727171739617
"Belgium","BEL",2022,8,0.0111,0.0031,0,0.008,0.0111,0,502.311599999992,0.00220978372786935
"Belgium","BEL",2022,9,0.026761,0,0,0.026761,0.026761,0,502.311599999992,0.00532756958031637
"Belgium","BEL",2022,10,0.003236,0,0,0.003236,0.003236,0,502.311599999992,0.000644221634539209
"Belgium","BEL",2022,11,0.012245,0.00496,0,0.007285,0.012245,0,502.311599999992,0.0024377298871856
"Belgium","BEL",2022,12,0.001444,0,0,0.001444,0.001444,0,502.311599999992,0.000287470964238139
"Belgium","BEL",2023,1,0.09464,0,0.0006,0.09404,0.09404,-0.0006,502.311599999992,0.0188408947752753
"Belgium","BEL",2023,3,0.003448,0,0,0.003448,0.003448,0,502.311599999992,0.000686426512945362
"Belgium","BEL",2023,5,0.092,0.008,0.024,0.06,0.068,-0.024,502.311599999992,0.0183153245913496
"Belgium","BEL",2023,6,0.01931,0.0015,0.01631,0.0015,0.003,-0.01631,502.311599999992,0.00384422736803218
"Belgium","BEL",2023,7,0.000685,0,0,0.000685,0.000685,0,502.311599999992,0.000136369536359505
"Belgium","BEL",2023,10,0.001,0.001,0,0,0.001,0,502.311599999992,0.000199079615123365
"Belgium","BEL",2023,11,0.0025,0,0.0025,0,0,-0.0025,502.311599999992,0.000497699037808412
"Belgium","BEL",2023,12,0.033,0.01,0.002,0.021,1.781,1.748,502.311599999992,0.00656962729907104
"Belgium","BEL",2024,2,0.534,0,0,0.534,0,-0.534,502.311599999992,0.106308514475877
"Belgium","BEL",2024,3,0.537,0.01,0.015,0.512,0,-0.537,502.311599999992,0.106905753321247
"Belgium","BEL",2024,4,0.2133,0,0.009,0.2043,0,-0.2133,502.311599999992,0.0424636819058137
"Belgium","BEL",2024,5,0.018,0.01,0.008,0,0,-0.018,502.311599999992,0.00358343307222057
"Belgium","BEL",2024,7,0.05159,0,0.05159,0,0.11741,0.06582,502.311599999992,0.0102705173442144
"Belgium","BEL",2024,12,0.0002,0,0.0002,0,0.0002,0,502.311599999992,0.000039815923024673
"Belgium","BEL",2025,2,0.15,0,0.15,0,0.15,0,502.311599999992,0.0298619422685047
"Belgium","BEL",2025,4,0,0,0,0,1,1,502.311599999992,0
"Belgium","BEL",2025,5,0.703698,0,0,0.703698,0,-0.703698,502.311599999992,0.140091927003082
"Belgium","BEL",2025,6,0.156302,0,0,0.156302,0,-0.156302,502.311599999992,0.0311165420030122
"Belgium","BEL",2025,7,0.14,0,0,0.14,0,-0.14,502.311599999992,0.0278711461172711
"Belgium","BEL",2025,8,0.1,0,0,0.1,0.1,0,502.311599999992,0.0199079615123365
"Belgium","BEL",2025,12,0.17149,0,0.12849,0.043,0.17149,0,502.311599999992,0.0341401631975059
"Belgium","BEL",2026,2,0.00008,0,0.00008,0,0.00008,0,502.311599999992,0.0000159263692098692
"Belgium","BEL",2026,4,0.015256,0,0,0.015256,1,0.984744,502.311599999992,0.00303715860832206
"Bulgaria","BGR",2022,4,0.004218,0,0.000706,0.003512,0.004218,0,71.0691197535997,0.00593506717773348
"Bulgaria","BGR",2022,12,0.229941,0,0,0.229941,0.229941,0,71.0691197535997,0.323545586039643
"Bulgaria","BGR",2023,7,0.002783,0,0,0.002783,0.002783,0,71.0691197535997,0.0039159061061243
"Bulgaria","BGR",2023,8,0.000163,0,0.000163,0,0.000163,0,71.0691197535997,0.000229354184440625
"Bulgaria","BGR",2024,2,0.0001,0,0.0001,0,0.0001,0,71.0691197535997,0.000140708088613881
"Bulgaria","BGR",2024,4,0.00006,0.00006,0,0,0.00006,0,71.0691197535997,0.0000844248531683283
"Bulgaria","BGR",2024,6,0.000511,0,0.000511,0,0.000511,0,71.0691197535997,0.00071901833281693
"Bulgaria","BGR",2024,11,0.000475,0,0.000475,0,0.000475,0,71.0691197535997,0.000668363420915933
"Bulgaria","BGR",2026,1,0.000016,0,0.000016,0,0.000016,0,71.0691197535997,0.0000225132941782209
"Bulgaria","BGR",2026,3,0.017284,0,0,0.017284,0.017284,0,71.0691197535997,0.0243199860360231
"Canada","CAN",2022,1,0.265365,0,0.035009,0.230356,0.265365,0,1681.12671460999,0.0157849493255815
"Canada","CAN",2022,2,0.383437,0.346688,0,0.036749,0.372343,-0.011094,1681.12671460999,0.0228083342360635
"Canada","CAN",2022,3,0.048747,0,0.035843,0.012904,0.08459,0.035843,1681.12671460999,0.00289966244521366
"Canada","CAN",2022,4,0.763992,0.732476,0,0.031516,1.171962,0.40797,1681.12671460999,0.0454452358266903
"Canada","CAN",2022,5,0.302466,0.183982,0.009567,0.108917,0.185453,-0.117013,1681.12671460999,0.0179918620869796
"Canada","CAN",2022,6,0.506798,0.147745,0.165992,0.193061,0.248729,-0.258069,1681.12671460999,0.0301463295773974
"Canada","CAN",2022,8,0.002944,0.002944,0,0,0.002944,0,1681.12671460999,0.000175120648218537
"Canada","CAN",2022,10,0.442366,0.407493,0,0.034873,0.407493,-0.034873,1681.12671460999,0.0263136619123102
"Canada","CAN",2022,11,0.761584,0,0.007295,0.754289,0.396841,-0.364743,1681.12671460999,0.0453019985573594
"Canada","CAN",2022,12,0.161198,0.081218,0.07998,0,0.161198,0,1681.12671460999,0.00958868826478657
"Canada","CAN",2023,1,0.071503,0,0,0.071503,0.007942,-0.063561,1681.12671460999,0.00425327843395721
"Canada","CAN",2023,2,0.038816,0,0,0.038816,0.038816,0,1681.12671460999,0.00230892767705527
"Canada","CAN",2023,3,0.021403,0,0,0.021403,0.021403,0,1681.12671460999,0.00127313425061866
"Canada","CAN",2023,4,1.688862,1.622541,0,0.066321,1.688863,0.000001,1681.12671460999,0.1004601250651
"Canada","CAN",2023,5,0.017991,0,0,0.017991,0.017991,0,1681.12671460999,0.0010701751297893
"Canada","CAN",2023,6,0,0,0,0,0.326073,0.326073,1681.12671460999,0
"Canada","CAN",2023,7,0.035231,0,0.001847,0.033384,0.001847,-0.033384,1681.12671460999,0.00209567783878643
"Canada","CAN",2023,9,0.530719,0,0.005741,0.524978,0.155603,-0.375116,1681.12671460999,0.0315692443280888
"Canada","CAN",2023,10,0.069087,0,0,0.069087,0,-0.069087,1681.12671460999,0.0041095652932996
"Canada","CAN",2023,11,0.040464,0,0,0.040464,0.347317,0.306853,1681.12671460999,0.00240695717035152
"Canada","CAN",2024,1,0.01367,0,0,0.01367,0,-0.01367,1681.12671460999,0.000813145129465827
"Canada","CAN",2024,2,0.212559,0,0.106135,0.106424,1.9634,1.750841,1681.12671460999,0.0126438416659932
"Canada","CAN",2024,3,1.390393,1.358137,0,0.032256,0,-1.390393,1681.12671460999,0.0827060201897132
"Canada","CAN",2024,4,0.019213,0,0,0.019213,0.532029,0.512816,1681.12671460999,0.00114286447493979
"Canada","CAN",2024,5,0.051422,0,0,0.051422,0,-0.051422,1681.12671460999,0.00305878192007255
"Canada","CAN",2024,6,0.041856,0.010441,0.025085,0.00633,0.035526,-0.00633,1681.12671460999,0.00248975878119398
"Canada","CAN",2024,7,0.037664,0,0,0.037664,0.373951,0.336287,1681.12671460999,0.00224040220601323
"Canada","CAN",2024,8,0.010432,0,0.010432,0,0.010432,0,1681.12671460999,0.000620536209991771
"Canada","CAN",2024,9,0.081962,0,0,0.081962,0,-0.081962,1681.12671460999,0.00487542070967653
"Canada","CAN",2024,10,0.30301,0.266793,0,0.036217,3.601702,3.298692,1681.12671460999,0.0180242213371939
"Canada","CAN",2025,1,0.297913,0,0,0.297913,0,-0.297913,1681.12671460999,0.0177210318181824
"Canada","CAN",2025,2,1.776631,1.678602,0.011549,0.08648,0.03148,-1.745151,1681.12671460999,0.105680968874031
"Canada","CAN",2025,3,0.03222,0,0.03222,0,0.03222,0,1681.12671460999,0.00191657176820695
"Canada","CAN",2025,6,1.569996,1.459964,0.007871,0.102161,1.277405,-0.292591,1681.12671460999,0.0933895099254448
"Canada","CAN",2025,7,0.125142,0.125142,0,0,0,-0.125142,1681.12671460999,0.00744393619543618
"Canada","CAN",2025,8,1.265036,0,0.01947,1.245566,0.00794,-1.257096,1681.12671460999,0.0752492949523725
"Canada","CAN",2025,9,0.001849,0,0.001849,0,0.001849,0,1681.12671460999,0.000109985760379101
"Canada","CAN",2025,10,0.025798,0,0,0.025798,0.007371,-0.018427,1681.12671460999,0.00153456606071393
"Canada","CAN",2025,11,0.089241,0,0,0.089241,0,-0.089241,1681.12671460999,0.00530840413304022
"Canada","CAN",2025,12,0.17627,0,0,0.17627,1.546232,1.369962,1681.12671460999,0.0104852298442532
"Canada","CAN",2026,2,0.39118,0,0.012391,0.378789,1.053254,0.662074,1681.12671460999,0.0232689181963747
"Canada","CAN",2026,3,0.032244,0,0.032244,0,0.032244,0,1681.12671460999,0.00191799938218699
"China","CHN",2022,3,0.002145,0,0.002145,0,0.002145,0,14994.0460253773,0.0000143056783764009
"China","CHN",2023,3,0.0002,0,0.0002,0,0.0002,0,14994.0460253773,0.0000013338627856784
"Croatia","HRV",2022,2,0.017667,0,0.001208,0.016459,0.017667,0,58.3011187601044,0.0303030205521366
"Croatia","HRV",2022,4,0.000201,0,0.000201,0,0.000201,0,58.3011187601044,0.000344761823228587
"Croatia","HRV",2022,5,0,0,0,0,0.005,0.005,58.3011187601044,0
"Croatia","HRV",2022,6,0.000033,0,0.000033,0,0.000033,0,58.3011187601044,0.0000566026873957382
"Croatia","HRV",2022,11,0.062333,0,0,0.062333,0.062333,0,58.3011187601044,0.106915615558744
"Croatia","HRV",2022,12,0.003,0,0.003,0,0.003,0,58.3011187601044,0.00514569885415802
"Croatia","HRV",2023,1,0.002155,0,0.002155,0,0.002155,0,58.3011187601044,0.00369632701023684
"Croatia","HRV",2023,2,0.044208,0,0,0.044208,0.044208,0,58.3011187601044,0.0758270183148726
"Croatia","HRV",2023,3,0.0005,0,0,0.0005,0.0005,0,58.3011187601044,0.000857616475693003
"Croatia","HRV",2023,4,0.059542,0,0.029771,0.029771,0.059542,0,58.3011187601044,0.102128400391426
"Croatia","HRV",2023,6,0.071522,0,0.043967,0.027555,0.071522,0,58.3011187601044,0.12267689114903
"Croatia","HRV",2023,7,0.002,0.001,0.001,0,0.002,0,58.3011187601044,0.00343046590277201
"Croatia","HRV",2023,8,0.03,0,0,0.03,0.03,0,58.3011187601044,0.0514569885415802
"Croatia","HRV",2023,10,0.005,0,0.005,0,0.005,0,58.3011187601044,0.00857616475693003
"Croatia","HRV",2024,8,0.001055,0,0.001055,0,0.001055,0,58.3011187601044,0.00180957076371224
"Croatia","HRV",2024,9,0.005,0,0.005,0,0.005,0,58.3011187601044,0.00857616475693003
"Croatia","HRV",2025,1,0.002,0,0.002,0,0.002,0,58.3011187601044,0.00343046590277201
"Croatia","HRV",2025,8,0.03,0,0,0.03,0.03,0,58.3011187601044,0.0514569885415802
"Croatia","HRV",2025,12,0.015,0,0,0.015,0.015,0,58.3011187601044,0.0257284942707901
"Croatia","HRV",2026,1,0.0005,0,0.0005,0,0.0005,0,58.3011187601044,0.000857616475693003
"Croatia","HRV",2026,2,0.003,0,0.003,0,0.003,0,58.3011187601044,0.00514569885415802
"Cyprus","CYP",2022,3,0.002,0,0.002,0,0.002,0,24.0186854983759,0.00832685036046306
"Cyprus","CYP",2022,6,0.0005,0,0.0005,0,0.0005,0,24.0186854983759,0.00208171259011576
"Cyprus","CYP",2022,12,0.0005,0,0.0005,0,0.0005,0,24.0186854983759,0.00208171259011576
"Cyprus","CYP",2023,4,0,0,0,0,0,0,24.0186854983759,0
"Cyprus","CYP",2023,7,0.001,0.001,0,0,0.001,0,24.0186854983759,0.00416342518023153
"Czechia","CZE",2022,1,0.001496,0,0,0.001496,0.001496,0,238.241552030118,0.000627934122848092
"Czechia","CZE",2022,2,0.019974,0,0.012276,0.007698,0.019974,0,238.241552030118,0.00838392792096777
"Czechia","CZE",2022,3,0.011596,0,0.005736,0.00586,0.011597,0.000001,238.241552030118,0.00486732893619416
"Czechia","CZE",2022,4,0.000757,0,0.000757,0,0.000757,0,238.241552030118,0.000317744739970592
"Czechia","CZE",2022,5,0,0,0,0,0.017495,0.017495,238.241552030118,0
"Czechia","CZE",2022,6,0.004604,0,0.004604,0,0.004604,0,238.241552030118,0.00193249244758865
"Czechia","CZE",2022,12,0.194363,0,0.0085,0.185863,0.194363,0,238.241552030118,0.0815823261491468
"Czechia","CZE",2023,2,0.00782,0,0.00782,0,0.00782,0,238.241552030118,0.00328238291488775
"Czechia","CZE",2023,4,0.001176,0,0.001139,0.000037,0.001176,0,238.241552030118,0.000493616663415345
"Czechia","CZE",2023,5,0.05444,0,0.000283,0.054157,0.05444,0,238.241552030118,0.0228507577859961
"Czechia","CZE",2023,6,0.002722,0,0.002722,0,0.002722,0,238.241552030118,0.0011425378892998
"Czechia","CZE",2023,10,0.000633,0,0.000633,0,0.000633,0,238.241552030118,0.000265696724440402
"Czechia","CZE",2023,11,0.0025,0,0,0.0025,0.0025,0,238.241552030118,0.00104935515181833
"Czechia","CZE",2023,12,0.01,0,0.01,0,0.01,0,238.241552030118,0.00419742060727334
"Czechia","CZE",2024,5,0.021895,0,0,0.021895,0.021895,0,238.241552030118,0.00919025241962498
"Czechia","CZE",2024,6,0.03494,0,0,0.03494,0.06988,0.03494,238.241552030118,0.014665787601813
"Czechia","CZE",2024,11,0.000737,0,0.000258,0.000479,0.000737,0,238.241552030118,0.000309349898756045
"Czechia","CZE",2024,12,0.022895,0,0,0.022895,0.022895,0,238.241552030118,0.00960999448035231
"Czechia","CZE",2025,5,0.000002,0,0.000002,0,0.004014,0.004012,238.241552030118,0.000000839484121454668
"Czechia","CZE",2025,6,0.003024,0,0.003024,0,0,-0.003024,238.241552030118,0.00126929999163946
"Czechia","CZE",2025,7,0.000731,0,0.000731,0,0,-0.000731,238.241552030118,0.000306831446391681
"Czechia","CZE",2025,8,0.000405,0,0.000405,0,0.00015,-0.000255,238.241552030118,0.00016999553459457
"Czechia","CZE",2025,10,0.235238,0,0.000823,0.234415,0.439781,0.204543,238.241552030118,0.0987392828813766
"Denmark","DNK",2022,3,0.06274,0.02,0.04274,0,0.06274,0,336.76308262323,0.018630308141642
"Denmark","DNK",2022,4,0.13496,0,0.000535,0.134425,0.13496,0,336.76308262323,0.0400756516862607
"Denmark","DNK",2022,5,0.155248,0,0.020832,0.134416,0.155248,0,336.76308262323,0.0461000650043613
"Denmark","DNK",2022,8,0.126225,0,0.016,0.110225,0.126225,0,336.76308262323,0.0374818400570411
"Denmark","DNK",2022,9,0.162071,0.030291,0,0.13178,0.162072,0.000001,336.76308262323,0.0481261184383815
"Denmark","DNK",2022,10,0.0182,0,0.0182,0,0.0182,0,336.76308262323,0.00540439286225508
"Denmark","DNK",2022,12,0.085347,0,0.0256,0.059747,0.085347,0,336.76308262323,0.025343336132686
"Denmark","DNK",2023,1,0.241958,0,0,0.241958,0,-0.241958,336.76308262323,0.0718481367123909
"Denmark","DNK",2023,3,0.134307,0,0,0.134307,1.520153,1.385846,336.76308262323,0.0398817468214776
"Denmark","DNK",2023,4,0.013646,0,0,0.013646,0,-0.013646,336.76308262323,0.00405210686804026
"Denmark","DNK",2023,5,0.228157,0,0,0.228157,3.018244,2.790087,336.76308262323,0.0677500034216226
"Denmark","DNK",2023,6,0.174515,0,0,0.174515,0,-0.174515,336.76308262323,0.0518212978217827
"Denmark","DNK",2023,7,0.091384,0.064836,0.026548,0,0,-0.091384,336.76308262323,0.0271359910617757
"Denmark","DNK",2023,8,0.716361,0,0,0.716361,0,-0.716361,336.76308262323,0.212719575560325
"Denmark","DNK",2023,9,0.777836,0,0,0.777836,0,-0.777836,336.76308262323,0.230974248703574
"Denmark","DNK",2023,10,0.495951,0,0,0.495951,0,-0.495951,336.76308262323,0.147270002441114
"Denmark","DNK",2023,11,0.044222,0,0.044222,0,3.459332,3.41511,336.76308262323,0.0131314868766288
"Denmark","DNK",2023,12,1.200049,0,0.019734,1.180315,0,-1.200049,336.76308262323,0.356348145601997
"Denmark","DNK",2024,1,0.26337,0,0.028295,0.235075,0.028295,-0.235075,336.76308262323,0.0782063158314352
"Denmark","DNK",2024,2,0.008719,0,0.001341,0.007378,0.001341,-0.007378,336.76308262323,0.0025890605146155
"Denmark","DNK",2024,3,0.529734,0,0,0.529734,0,-0.529734,336.76308262323,0.157301683983178
"Denmark","DNK",2024,4,0.300284,0,0.005362,0.294922,0.595207,0.294923,336.76308262323,0.0891677311126046
"Denmark","DNK",2024,5,0.650086,0,0.03351,0.616576,0,-0.650086,336.76308262323,0.193039568035822
"Denmark","DNK",2024,6,0.16557,0,0.0047,0.16087,0.0047,-0.16087,336.76308262323,0.0491651278133832
"Denmark","DNK",2024,7,0.001,0,0,0.001,0,-0.001,336.76308262323,0.000296944662761268
"Denmark","DNK",2024,8,0.11178,0,0.006841,0.104939,0.006841,-0.104939,336.76308262323,0.0331924744034545
"Denmark","DNK",2024,9,0.184835,0,0.075585,0.10925,0.075585,-0.10925,336.76308262323,0.054885766741479
"Denmark","DNK",2024,10,0.321748,0,0,0.321748,0,-0.321748,336.76308262323,0.0955413513541125
"Denmark","DNK",2024,11,0.134079,0,0,0.134079,0,-0.134079,336.76308262323,0.0398140434383681
"Denmark","DNK",2024,12,0.297129,0,0.00614,0.290989,0.00614,-0.290989,336.76308262323,0.0882308707015928
"Denmark","DNK",2025,1,0.384,0,0.384,0,0.384,0,336.76308262323,0.114026750500327
"Denmark","DNK",2025,2,0.309014,0,0.054295,0.254719,0.054295,-0.254719,336.76308262323,0.0917600580185105
"Denmark","DNK",2025,3,0.040216,0,0,0.040216,0,-0.040216,336.76308262323,0.0119419265576072
"Denmark","DNK",2025,4,0.897544,0,0,0.897544,0,-0.897544,336.76308262323,0.2665209003934
"Denmark","DNK",2025,5,0.563003,0,0,0.563003,0,-0.563003,336.76308262323,0.167180735968582
"Denmark","DNK",2025,7,0.090333,0,0.090333,0,0,-0.090333,336.76308262323,0.0268239022212136
"Denmark","DNK",2025,8,0.077377,0,0,0.077377,0,-0.077377,336.76308262323,0.0229766871704786
"Denmark","DNK",2025,9,0.214351,0,0,0.214351,0.375115,0.160764,336.76308262323,0.0636503854075406
"Denmark","DNK",2025,10,0.150776,0,0.003482,0.147294,0,-0.150776,336.76308262323,0.044772128472493
"Denmark","DNK",2025,11,0.188768,0,0.0013,0.187468,0.0013,-0.187468,336.76308262323,0.056053650100119
"Denmark","DNK",2025,12,0.154894,0,0,0.154894,0,-0.154894,336.76308262323,0.0459949465937439
"Denmark","DNK",2026,1,0.02008,0,0.02008,0,0,-0.02008,336.76308262323,0.00596264882824626
"Denmark","DNK",2026,2,0.098123,0,0.025434,0.072689,1.79955,1.701427,336.76308262323,0.0291371011441239
"Denmark","DNK",2026,4,0.0054,0,0.0054,0,0,-0.0054,336.76308262323,0.00160350117891085
"EU (Commission and Council)","EU",2022,2,0,0,0,0,1.2,1.2,0,0
"EU (Commission and Council)","EU",2022,3,1.6855,1.2705,0.415,0,1.0855,-0.6,0,0
"EU (Commission and Council)","EU",2022,4,0.72,0.12,0.6,0,0.72,0,0,0
"EU (Commission and Council)","EU",2022,5,0.8,0.6,0.2,0,0.2,-0.6,0,0
"EU (Commission and Council)","EU",2022,6,0.205,0,0.205,0,0.205,0,0,0
"EU (Commission and Council)","EU",2022,7,1.59,1.59,0,0,2.59,1,0,0
"EU (Commission and Council)","EU",2022,8,1,1,0,0,0,-1,0,0
"EU (Commission and Council)","EU",2022,9,0,0,0,0,5,5,0,0
"EU (Commission and Council)","EU",2022,10,2.15,2,0.15,0,0.15,-2,0,0
"EU (Commission and Council)","EU",2022,11,2.5,2.5,0,0,0,-2.5,0,0
"EU (Commission and Council)","EU",2022,12,0.53,0.5,0.03,0,18.03,17.5,0,0
"EU (Commission and Council)","EU",2023,1,3.005,3,0.005,0,0.005,-3,0,0
"EU (Commission and Council)","EU",2023,2,0.485,0,0.485,0,0.485,0,0,0
"EU (Commission and Council)","EU",2023,3,1.5,1.5,0,0,0,-1.5,0,0
"EU (Commission and Council)","EU",2023,4,1.555,1.5,0.055,0,0.055,-1.5,0,0
"EU (Commission and Council)","EU",2023,5,1.5,1.5,0,0,0,-1.5,0,0
"EU (Commission and Council)","EU",2023,6,1.5,1.5,0,0,50.675,49.175,0,0
"EU (Commission and Council)","EU",2023,7,1.5,1.5,0,0,0,-1.5,0,0
"EU (Commission and Council)","EU",2023,8,1.5,1.5,0,0,0,-1.5,0,0
"EU (Commission and Council)","EU",2023,9,1.5,1.5,0,0,0,-1.5,0,0
"EU (Commission and Council)","EU",2023,10,1.558,1.5,0.058,0,0.058,-1.5,0,0
"EU (Commission and Council)","EU",2023,11,1.5,1.5,0,0,0,-1.5,0,0
"EU (Commission and Council)","EU",2023,12,1.647412,1.6,0.047412,0,0.147412,-1.5,0,0
"EU (Commission and Council)","EU",2024,2,0.075,0,0.075,0,0.075,0,0,0
"EU (Commission and Council)","EU",2024,3,4.5,4.5,0,0,0,-4.5,0,0
"EU (Commission and Council)","EU",2024,4,1.50357,1.5,0.00357,0,0.00357,-1.5,0,0
"EU (Commission and Council)","EU",2024,6,3.373319,3.35465,0.018669,0,0.129069,-3.24425,0,0
"EU (Commission and Council)","EU",2024,7,0.796,0.796,0,0,0.796,0,0,0
"EU (Commission and Council)","EU",2024,8,4.3,4.3,0,0,0,-4.3,0,0
"EU (Commission and Council)","EU",2024,9,0.306,0.05,0.256,0,0.306,0,0,0
"EU (Commission and Council)","EU",2024,10,0,0,0,0,18.1,18.1,0,0
"EU (Commission and Council)","EU",2024,11,0.065,0,0.065,0,0.065,0,0,0
"EU (Commission and Council)","EU",2024,12,4.2,4.2,0,0,0,-4.2,0,0
"EU (Commission and Council)","EU",2025,1,3.14,3,0.14,0,0.14,-3,0,0
"EU (Commission and Council)","EU",2025,3,4.60172,4.60172,0,0,0,-4.60172,0,0
"EU (Commission and Council)","EU",2025,4,4.5,4.5,0,0,0,-4.5,0,0
"EU (Commission and Council)","EU",2025,5,1.000511,1.000511,0,0,0.000511,-1,0,0
"EU (Commission and Council)","EU",2025,6,1.00042,1.00042,0,0,0.00042,-1,0,0
"EU (Commission and Council)","EU",2025,7,3.49,3.38,0.11,0,0.11,-3.38,0,0
"EU (Commission and Council)","EU",2025,8,4.05,4.05,0,0,0,-4.05,0,0
"EU (Commission and Council)","EU",2025,9,1.04,1,0.04,0,0.04,-1,0,0
"EU (Commission and Council)","EU",2025,10,4.1,4.1,0,0,0.1,-4,0,0
"EU (Commission and Council)","EU",2025,11,5.9,5.9,0,0,0,-5.9,0,0
"EU (Commission and Council)","EU",2025,12,2.3,2.3,0,0,0,-2.3,0,0
"EU (Commission and Council)","EU",2026,1,0.152839,0,0.152839,0,0.152839,0,0,0
"EU (Commission and Council)","EU",2026,2,0.1,0,0.1,0,0.1,0,0,0
"EU (Commission and Council)","EU",2026,4,0,0,0,0,90,90,0,0
"Estonia","EST",2022,2,0.003439,0,0,0.003439,0.003439,0,31.4449129999995,0.0109365861498808
"Estonia","EST",2022,3,0.226938,0,0,0.226938,0.226938,0,31.4449129999995,0.721700199965583
"Estonia","EST",2022,4,0.0091,0,0.0041,0.005,0.0091,0,31.4449129999995,0.0289394980994228
"Estonia","EST",2022,5,0,0,0,0,0.0029,0.0029,31.4449129999995,0
"Estonia","EST",2022,6,0.000393,0,0.000393,0,0.000393,0,31.4449129999995,0.00124980469813991
"Estonia","EST",2022,8,0.054585,0,0.0019,0.052685,0.052685,-0.0019,31.4449129999995,0.173589286127142
"Estonia","EST",2022,9,0.002007,0,0.002007,0,0.001007,-0.001,31.4449129999995,0.00638259040500456
"Estonia","EST",2022,10,0.005,0,0,0.005,0.005,0,31.4449129999995,0.015900823131551
"Estonia","EST",2022,12,0,0,0,0,0,0,31.4449129999995,0
"Estonia","EST",2023,1,0.226,0,0,0.226,0.113,-0.113,31.4449129999995,0.718717205546104
"Estonia","EST",2023,2,0.088326,0,0.020699,0.067627,0.088326,0,31.4449129999995,0.280891220783474
"Estonia","EST",2023,3,0.000494,0,0,0.000494,0.000494,0,31.4449129999995,0.00157100132539724
"Estonia","EST",2023,4,0.009269,0,0,0.009269,0.009269,0,31.4449129999995,0.0294769459212692
"Estonia","EST",2023,6,0.006029,0,0.000457,0.005572,0.006029,0,31.4449129999995,0.0191732125320242
"Estonia","EST",2023,8,0.001043,0,0.001043,0,0.001043,0,31.4449129999995,0.00331691170524153
"Estonia","EST",2023,10,0.0002,0,0.0002,0,0.0002,0,31.4449129999995,0.000636032925262039
"Estonia","EST",2023,12,0.08085,0,0.00085,0.08,0.08035,-0.0005,31.4449129999995,0.257116310037179
"Estonia","EST",2024,1,0.002031,0,0.002031,0,0.535381,0.53335,31.4449129999995,0.00645891435603601
"Estonia","EST",2024,2,0.0005,0,0,0.0005,0,-0.0005,31.4449129999995,0.0015900823131551
"Estonia","EST",2024,3,0.02,0,0,0.02,0,-0.02,31.4449129999995,0.0636032925262039
"Estonia","EST",2024,4,0.01197,0.01,0.00197,0,0,-0.01197,31.4449129999995,0.038066570576933
"Estonia","EST",2024,5,0.006633,0,0.004633,0.002,0,-0.006633,31.4449129999995,0.0210940319663155
"Estonia","EST",2024,6,0.002087,0,0.002087,0,0.001262,-0.000825,31.4449129999995,0.00663700357510938
"Estonia","EST",2024,7,0.000102,0,0.000102,0,0.000102,0,31.4449129999995,0.00032437679188364
"Estonia","EST",2024,8,0.003163,0,0.003163,0,0.0026,-0.000563,31.4449129999995,0.0100588607130191
"Estonia","EST",2024,9,0.00376,0,0.00376,0,0.000236,-0.003524,31.4449129999995,0.0119574189949263
"Estonia","EST",2024,10,0.00037,0,0.00037,0,0.00037,0,31.4449129999995,0.00117666091173477
"Estonia","EST",2024,12,0.005391,0,0.000391,0.005,0,-0.005391,31.4449129999995,0.0171442675004383
"Estonia","EST",2025,1,0.000965,0,0.000965,0,0,-0.000965,31.4449129999995,0.00306885886438934
"Estonia","EST",2025,2,0.0415,0,0,0.0415,0.0685,0.027,31.4449129999995,0.131976831991873
"Estonia","EST",2025,3,0.10216,0,0.00216,0.1,0,-0.10216,31.4449129999995,0.32488561822385
"Estonia","EST",2025,4,0.003445,0,0.003445,0,0,-0.003445,31.4449129999995,0.0109556671376386
"Estonia","EST",2025,5,0.000379,0,0.000379,0,0,-0.000379,31.4449129999995,0.00120528239337156
"Estonia","EST",2025,6,0.008095,0,0.001095,0.007,0,-0.008095,31.4449129999995,0.025743432649981
"Estonia","EST",2025,8,0.00279,0,0.00279,0,0,-0.00279,31.4449129999995,0.00887265930740545
"Estonia","EST",2025,9,0.01,0,0,0.01,0,-0.01,31.4449129999995,0.031801646263102
"Estonia","EST",2025,10,0.00138,0,0.00138,0,0,-0.00138,31.4449129999995,0.00438862718430807
"Estonia","EST",2025,11,0.0035,0,0,0.0035,0,-0.0035,31.4449129999995,0.0111305761920857
"Estonia","EST",2025,12,0.002,0,0.002,0,0,-0.002,31.4449129999995,0.00636032925262039
"Estonia","EST",2026,1,0.000408,0,0.000408,0,0,-0.000408,31.4449129999995,0.00129750716753456
"Estonia","EST",2026,2,0.0112,0,0.0002,0.011,0,-0.0112,31.4449129999995,0.0356178438146742
"Estonia","EST",2026,4,0.0057,0,0,0.0057,0.0107,0.005,31.4449129999995,0.0181269383699681
"Finland","FIN",2022,2,0.0313,0,0.002,0.0293,0.0606,0.0293,251.366999999996,0.012451912940044
"Finland","FIN",2022,3,0.009119,0.0058,0.003319,0,0.009119,0,251.366999999996,0.00362776338978472
"Finland","FIN",2022,4,0.047674,0.0465,0.001174,0,0.047674,0,251.366999999996,0.0189658944889348
"Finland","FIN",2022,5,0.0092,0,0.0092,0,0.0092,0,251.366999999996,0.00365998719004489
"Finland","FIN",2022,6,0.05475,0,0,0.05475,0.05475,0,251.366999999996,0.0217809020277128
"Finland","FIN",2022,7,0.006,0.006,0,0,0.006,0,251.366999999996,0.00238694816742058
"Finland","FIN",2022,9,0.07325,0.015,0.05,0.00825,0.07325,0,251.366999999996,0.0291406588772596
"Finland","FIN",2022,10,0.031574,0,0.001574,0.03,0.031574,0,251.366999999996,0.0125609169063562
"Finland","FIN",2022,11,0.0556,0,0,0.0556,0.0556,0,251.366999999996,0.0221190530180974
"Finland","FIN",2022,12,0.040777,0,0.011977,0.0288,0.040777,0,251.366999999996,0.0162220975704849
"Finland","FIN",2023,1,0.4,0,0,0.4,0.4,0,251.366999999996,0.159129877828039
"Finland","FIN",2023,2,0.1655,0.0055,0,0.16,0.1655,0,251.366999999996,0.0658399869513511
"Finland","FIN",2023,3,0.204,0.014,0.029,0.161,0.204,0,251.366999999996,0.0811562376922998
"Finland","FIN",2023,4,0.078,0,0,0.078,0.078,0,251.366999999996,0.0310303261764676
"Finland","FIN",2023,5,0.109962,0,0.000962,0.109,0.109962,0,251.366999999996,0.043745599064317
"Finland","FIN",2023,7,0.105,0,0,0.105,0.105,0,251.366999999996,0.0417715929298602
"Finland","FIN",2023,8,0.094,0,0,0.094,0.094,0,251.366999999996,0.0373955212895891
"Finland","FIN",2023,9,0.005549,0,0.005549,0,0.005549,0,251.366999999996,0.00220752923016947
"Finland","FIN",2023,10,0.160408,0.062,0.003408,0.095,0.160408,0,251.366999999996,0.0638142636066001
"Finland","FIN",2023,11,0.101,0,0.001,0.1,0.101,0,251.366999999996,0.0401802941515798
"Finland","FIN",2023,12,0.109,0,0.003,0.106,0.109,0,251.366999999996,0.0433628917081406
"Finland","FIN",2024,1,0.004,0,0.004,0,0.004,0,251.366999999996,0.00159129877828039
"Finland","FIN",2024,2,0.199204,0,0.009204,0.19,0.199204,0,251.366999999996,0.0792482704571416
"Finland","FIN",2024,4,0.2281,0,0,0.2281,0.2281,0,251.366999999996,0.0907438128314392
"Finland","FIN",2024,6,0.16455,0,0.00555,0.159,0.16455,0,251.366999999996,0.0654620534915095
"Finland","FIN",2024,9,0.118,0,0,0.118,0.118,0,251.366999999996,0.0469433139592715
"Finland","FIN",2024,11,0.0805,0,0.0805,0,0.014,-0.0665,251.366999999996,0.0320248879128928
"Finland","FIN",2024,12,0.025,0,0,0.025,0.199,0.174,251.366999999996,0.00994561736425243
"Finland","FIN",2025,1,0.198,0,0,0.198,0.198,0,251.366999999996,0.0787692895248793
"Finland","FIN",2025,2,0.003,0.003,0,0,0.663,0.66,251.366999999996,0.00119347408371029
"Finland","FIN",2025,3,0.216,0,0.016,0.2,0.2,-0.016,251.366999999996,0.085930134027141
"Finland","FIN",2025,4,0.0016,0.0016,0,0,0.0416,0.04,251.366999999996,0.000636519511312155
"Finland","FIN",2025,6,0.144037,0,0.001037,0.143,0,-0.144037,251.366999999996,0.0573014755317931
"Finland","FIN",2025,7,0,0,0,0,0.32,0.32,251.366999999996,0
"Finland","FIN",2025,8,0.002,0,0.002,0,0,-0.002,251.366999999996,0.000795649389140194
"Finland","FIN",2025,10,0.163,0,0.011,0.152,0.163,0,251.366999999996,0.0648454252149258
"Finland","FIN",2025,11,0.003,0,0.003,0,0,-0.003,251.366999999996,0.00119347408371029
"Finland","FIN",2025,12,0.000433,0,0.000433,0,0,-0.000433,251.366999999996,0.000172258092748852
"Finland","FIN",2026,1,0.098,0,0,0.098,0,-0.098,251.366999999996,0.0389868200678695
"Finland","FIN",2026,2,0.065,0,0.022,0.043,0,-0.065,251.366999999996,0.0258586051470563
"Finland","FIN",2026,4,0,0,0,0,0.3,0.3,251.366999999996,0
"France","FRA",2022,2,0.5,0.5,0,0,0.5,0,2500.86999999996,0.0199930424212377
"France","FRA",2022,3,0.121028,0,0.121028,0,0.121028,0,2500.86999999996,0.00483943587631512
"France","FRA",2022,4,0.110426,0,0.010426,0.1,0.110426,0,2500.86999999996,0.00441550340481519
"France","FRA",2022,5,0.010059,0,0.010059,0,0.010059,0,2500.86999999996,0.00040222002743046
"France","FRA",2022,6,0.10567,0,0.001103,0.104567,0.105671,0.000001,2500.86999999996,0.00422532958530438
"France","FRA",2022,9,0.009,0,0.009,0,0.009,0,2500.86999999996,0.000359874763582279
"France","FRA",2022,10,0,0,0,0,0.2,0.2,2500.86999999996,0
"France","FRA",2022,11,0.148926,0.1,0.001969,0.046957,0.148926,0,2500.86999999996,0.0059549676712505
"France","FRA",2022,12,1.022979,0.0994,0.1659,0.757679,0.877828,-0.145151,2500.86999999996,0.0409049250860707
"France","FRA",2023,1,0.054413,0,0.004,0.050413,0.054413,0,2500.86999999996,0.00217576283453362
"France","FRA",2023,2,0.018751,0,0,0.018751,0,-0.018751,2500.86999999996,0.000749779076881257
"France","FRA",2023,3,0.01304,0,0,0.01304,0.01304,0,2500.86999999996,0.00052141854634588
"France","FRA",2023,5,0.051956,0,0.002,0.049956,0.051956,0,2500.86999999996,0.00207751702407565
"France","FRA",2023,6,0.04,0,0.04,0,0.04,0,2500.86999999996,0.00159944339369902
"France","FRA",2023,7,0.177481,0.1,0,0.077481,0.177481,0,2500.86999999996,0.00709677032392738
"France","FRA",2023,9,0.010708,0,0,0.010708,0,-0.010708,2500.86999999996,0.000428170996493227
"France","FRA",2023,10,0.014112,0,0.014112,0,0.014112,0,2500.86999999996,0.000564283629297014
"France","FRA",2023,12,1.532369,0,0,1.532369,1.532369,0,2500.86999999996,0.0612734368439793
"France","FRA",2024,1,0.116747,0,0.012,0.104747,0.012,-0.104747,2500.86999999996,0.00466825544710448
"France","FRA",2024,2,0,0,0,0,3,3,2500.86999999996,0
"France","FRA",2024,3,0.002,0,0,0.002,0,-0.002,2500.86999999996,0.0000799721696849509
"France","FRA",2024,4,0.324141,0,0,0.324141,0,-0.324141,2500.86999999996,0.0129611295269248
"France","FRA",2024,6,0.473833,0,0.204,0.269833,0.204,-0.269833,2500.86999999996,0.0189467265391647
"France","FRA",2024,10,0.3,0,0,0.3,0.3,0,2500.86999999996,0.0119958254527426
"France","FRA",2024,11,0.008956,0,0,0.008956,0,-0.008956,2500.86999999996,0.00035811537584921
"France","FRA",2024,12,0.0057,0,0.0057,0,0.0057,0,2500.86999999996,0.00022792068360211
"France","FRA",2025,3,2.195,0,0,2.195,2.195,0,2500.86999999996,0.0877694562292336
"France","FRA",2025,6,0.2,0,0.2,0,0.2,0,2500.86999999996,0.00799721696849509
"France","FRA",2025,11,0,0,0,0,0.1,0.1,2500.86999999996,0
"France","FRA",2026,2,0.339336,0,0.074332,0.265004,0.339336,0,2500.86999999996,0.0135687180861062
"Germany","DEU",2022,3,0.15,0.15,0,0,0.15,0,3601.74999999994,0.00416464218782543
"Germany","DEU",2022,4,0.44,0,0.44,0,1.64,1.2,3601.74999999994,0.0122162837509546
"Germany","DEU",2022,5,1.567,1.257,0.31,0,1.567,0,3601.74999999994,0.0435066287221496
"Germany","DEU",2022,6,1.038118,0,0,1.038118,0,-1.038118,3601.74999999994,0.0288226001249397
"Germany","DEU",2022,7,0.596729,0,0.406,0.190729,0.406,-0.190729,3601.74999999994,0.0165677517873259
"Germany","DEU",2022,8,0.129739,0,0.0346,0.095139,0.0346,-0.095139,3601.74999999994,0.00360211008537522
"Germany","DEU",2022,9,0.714598,0,0.0147,0.699898,0.0147,-0.699898,3601.74999999994,0.0198402998542378
"Germany","DEU",2022,10,0.120948,0,0.0008,0.120148,0.0008,-0.120148,3601.74999999994,0.0033580342888874
"Germany","DEU",2022,11,0.240638,0,0.046748,0.19389,0.046748,-0.19389,3601.74999999994,0.00668114111195957
"Germany","DEU",2022,12,0.990097,0.2,0.309176,0.480921,0.755176,-0.234921,3601.74999999994,0.0274893315749293
"Germany","DEU",2023,1,0.661442,0,0.052,0.609442,0.052,-0.609442,3601.74999999994,0.0183644617199975
"Germany","DEU",2023,2,0.187792,0,0.105,0.082792,2.255,2.067208,3601.74999999994,0.00521390990490742
"Germany","DEU",2023,3,0.101739,0,0.025,0.076739,0.025,-0.076739,3601.74999999994,0.00282471021031447
"Germany","DEU",2023,4,0.34878,0,0.29802,0.05076,2.66302,2.31424,3601.74999999994,0.00968362601513168
"Germany","DEU",2023,5,1.733933,0,0,1.733933,10.626936,8.893003,3601.74999999994,0.048141403484418
"Germany","DEU",2023,6,0.064915,0,0,0.064915,0,-0.064915,3601.74999999994,0.00180231831748458
"Germany","DEU",2023,7,0.504109,0,0.356466,0.147643,0.400166,-0.103943,3601.74999999994,0.0139962240577499
"Germany","DEU",2023,8,0.607717,0,0,0.607717,0,-0.607717,3601.74999999994,0.0168728257097247
"Germany","DEU",2023,9,0.056737,0,0.04483,0.011907,0.04593,-0.010807,3601.74999999994,0.00157526202540434
"Germany","DEU",2023,10,0.169496,0,0,0.169496,0,-0.169496,3601.74999999994,0.00470593461511772
"Germany","DEU",2023,11,0.039976,0,0,0.039976,0,-0.039976,3601.74999999994,0.00110990490733673
"Germany","DEU",2023,12,1.157656,0,0.52978,0.627876,1.07978,-0.077876,3601.74999999994,0.0321414867772615
"Germany","DEU",2024,1,0.929064,0,0,0.929064,0,-0.929064,3601.74999999994,0.0257947941972656
"Germany","DEU",2024,2,0.788918,0,0.1,0.688918,1.502296,0.713378,3601.74999999994,0.0219037412368991
"Germany","DEU",2024,3,0.076991,0,0,0.076991,0,-0.076991,3601.74999999994,0.00213759977788578
"Germany","DEU",2024,4,0.431821,0,0,0.431821,0,-0.431821,3601.74999999994,0.0119891996945931
"Germany","DEU",2024,5,0.014557,0,0,0.014557,0,-0.014557,3601.74999999994,0.000404164642187832
"Germany","DEU",2024,6,0.116545,0,0.0568,0.059745,0.0568,-0.059745,3601.74999999994,0.0032357881585341
"Germany","DEU",2024,7,0.138632,0,0,0.138632,0,-0.138632,3601.74999999994,0.00384901783855076
"Germany","DEU",2024,8,0.025885,0,0,0.025885,0,-0.025885,3601.74999999994,0.000718678420212408
"Germany","DEU",2024,9,0.194933,0,0,0.194933,0,-0.194933,3601.74999999994,0.00541217463732916
"Germany","DEU",2024,10,0.976087,0,0.17,0.806087,2.460572,1.484485,3601.74999999994,0.0271003539945864
"Germany","DEU",2024,11,0.209143,0,0.065,0.144143,0.065,-0.144143,3601.74999999994,0.00580670507392249
"Germany","DEU",2024,12,0.497299,0,0.049518,0.447781,0.049518,-0.447781,3601.74999999994,0.0138071493024226
"Germany","DEU",2025,1,0.388901,0,0,0.388901,0,-0.388901,3601.74999999994,0.01079755674325
"Germany","DEU",2025,2,0.059314,0,0,0.059314,0,-0.059314,3601.74999999994,0.00164681057819118
"Germany","DEU",2025,4,0.331531,0,0.13,0.201531,9.3175,8.985969,3601.74999999994,0.00920471992781301
"Germany","DEU",2025,5,4.26,0,0,4.26,0,-4.26,3601.74999999994,0.118275838134242
"Germany","DEU",2025,6,0,0,0,0,1.9,1.9,3601.74999999994,0
"Germany","DEU",2025,7,0.831253,0.0405,0.00046,0.790293,7.029714,6.198461,3601.74999999994,0.0230791420837097
"Germany","DEU",2025,8,1.117662,0,0,1.117662,0,-1.117662,3601.74999999994,0.0310310821128623
"Germany","DEU",2025,10,2.06,0,0.06,2,0.06,-2,3601.74999999994,0.0571944193794692
"Germany","DEU",2025,11,0.085406,0,0,0.085406,0,-0.085406,3601.74999999994,0.00237123620462279
"Germany","DEU",2025,12,0.218406,0,0.108,0.110406,3.108,2.889594,3601.74999999994,0.00606388561116133
"Germany","DEU",2026,1,0.12,0,0.12,0,0.12,0,3601.74999999994,0.00333171375026034
"Germany","DEU",2026,3,0.2,0,0,0.2,0,-0.2,3601.74999999994,0.0055528562504339
"Germany","DEU",2026,4,4.233,0,0.233,4,0.233,-4,3601.74999999994,0.117526202540434
"Greece","GRC",2022,3,0.01642,0,0,0.01642,0.01642,0,181.674605999997,0.00903813711862419
"Greece","GRC",2022,5,0.095164,0,0,0.095164,0.095164,0,181.674605999997,0.052381563992494
"Greece","GRC",2022,9,0.02268,0,0,0.02268,0.02268,0,181.674605999997,0.0124838580907671
"Greece","GRC",2023,2,0.010481,0,0,0.010481,0.010481,0,181.674605999997,0.00576910567236907
"Greece","GRC",2024,12,0.0038,0,0,0.0038,0.0038,0,181.674605999997,0.00209165170832959
"Greece","GRC",2025,12,0.02,0,0,0.02,0.02,0,181.674605999997,0.0110086932017347
"Hungary","HUN",2022,2,0.000175,0,0.000175,0,0.000175,0,153.751436967572,0.000113820074434107
"Hungary","HUN",2022,3,0.006232,0,0.006232,0,0.006232,0,153.751436967572,0.0040532954507049
"Hungary","HUN",2022,4,0.002058,0,0.002058,0,0.002058,0,153.751436967572,0.0013385240753451
"Hungary","HUN",2022,5,0.037681,0,0.037681,0,0.037681,0,153.751436967572,0.024507738427152
"Hungary","HUN",2022,11,0.000939,0,0.000939,0,0.000939,0,153.751436967572,0.000610725999392154
"Hungary","HUN",2023,6,0.007004,0,0.007004,0,0.007004,0,153.751436967572,0.00455540457906565
"Iceland","ISL",2022,2,0.001021,0,0.001021,0,0.001021,0,21.6466953837562,0.00471665527647312
"Iceland","ISL",2022,3,0.001395,0,0.001395,0,0.001395,0,21.6466953837562,0.00644440167549462
"Iceland","ISL",2022,4,0.00113,0.00093,0,0.0002,0.00113,0,21.6466953837562,0.00522019633928955
"Iceland","ISL",2022,5,0.00307,0.000939,0.002131,0,0.003069,-0.000001,21.6466953837562,0.0141823033288663
"Iceland","ISL",2022,12,0.000671,0,0,0.000671,0.000671,0,21.6466953837562,0.0030997803041268
"Iceland","ISL",2023,1,0.000929,0.000929,0,0,0.000929,0,21.6466953837562,0.00429164814088495
"Iceland","ISL",2023,2,0.00346,0.00196,0.0015,0,0.00346,0,21.6466953837562,0.0159839640123379
"Iceland","ISL",2023,3,0.007254,0,0.000402,0.006852,0.007254,0,21.6466953837562,0.033510888712572
"Iceland","ISL",2023,5,0.016185,0.003598,0.004878,0.007709,0.016185,0,21.6466953837562,0.074768918364072
"Iceland","ISL",2023,12,0.00034,0,0,0.00034,0.011624,0.011284,21.6466953837562,0.001570678544565
"Iceland","ISL",2024,3,0.002503,0,0,0.002503,0,-0.002503,21.6466953837562,0.0115629658736653
"Iceland","ISL",2024,6,0.003522,0.002788,0.000734,0,0.002788,-0.000734,21.6466953837562,0.0162703818645821
"Iceland","ISL",2025,1,0.010316,0,0,0.010316,0.024759,0.014443,21.6466953837562,0.0476562348992133
"Iceland","ISL",2025,2,0.00547,0,0,0.00547,0,-0.00547,21.6466953837562,0.0252694459963839
"Iceland","ISL",2025,3,0.002928,0,0.002928,0,0.002928,0,21.6466953837562,0.0135263140543715
"Iceland","ISL",2025,4,0.006189,0.001783,0,0.004406,0.001783,-0.004406,21.6466953837562,0.0285909691538611
"Iceland","ISL",2025,9,0.00042,0,0.00042,0,0.00042,0,21.6466953837562,0.00194024996681558
"Iceland","ISL",2025,11,0.008,0,0,0.008,0,-0.008,21.6466953837562,0.0369571422250587
"Iceland","ISL",2025,12,0.020298,0,0.009818,0.01048,0.020298,0,21.6466953837562,0.0937695091105303
"Iceland","ISL",2026,2,0.002763,0,0.002763,0,0.002763,0,21.6466953837562,0.0127640729959797
"Iceland","ISL",2026,3,0.0027,0,0.0027,0,0.0027,0,21.6466953837562,0.0124730355009573
"India","IND",2022,5,0.001776,0,0.001776,0,0.001776,0,2685.53886126453,0.0000661319791575736
"India","IND",2022,9,0.000078,0,0.000078,0,0.000078,0,2685.53886126453,0.00000290444503056911
"India","IND",2024,1,0.000204,0,0.000204,0,0.000204,0,2685.53886126453,0.00000759624084918075
"India","IND",2024,8,0.000654,0,0.000654,0,0.000654,0,2685.53886126453,0.0000243526544870795
"Ireland","IRL",2022,2,0.019,0,0.019,0,0.019,0,426.283435999993,0.00445712837878137
"Ireland","IRL",2022,3,0.003034,0,0.002943,0.000091,0.003034,0,426.283435999993,0.000711733026380141
"Ireland","IRL",2022,5,0.0005,0,0.0005,0,0.0005,0,426.283435999993,0.000117292852073194
"Ireland","IRL",2022,6,0.002198,0,0.002198,0,0.002198,0,426.283435999993,0.00051561937771376
"Ireland","IRL",2022,9,0,0,0,0,0.032,0.032,426.283435999993,0
"Ireland","IRL",2022,11,0.025,0.025,0,0,0.025,0,426.283435999993,0.0058646426036597
"Ireland","IRL",2023,2,0.00385,0,0,0.00385,0.00385,0,426.283435999993,0.000903154960963593
"Ireland","IRL",2023,3,0.0051,0,0.0051,0,0.0051,0,426.283435999993,0.00119638709114658
"Ireland","IRL",2023,7,0.0216,0.007,0.0146,0,0.0091,-0.0125,426.283435999993,0.00506705120956198
"Ireland","IRL",2023,9,0.02,0.008,0.012,0,0.02,0,426.283435999993,0.00469171408292776
"Ireland","IRL",2023,10,0.00005,0,0.00005,0,0.00005,0,426.283435999993,0.0000117292852073194
"Ireland","IRL",2024,3,0.035,0,0.035,0,0.035,0,426.283435999993,0.00821049964512358
"Ireland","IRL",2024,6,0.003134,0,0,0.003134,0.003134,0,426.283435999993,0.00073519159679478
"Ireland","IRL",2024,8,0.009366,0,0.009366,0,0.009366,0,426.283435999993,0.00219712970503507
"Ireland","IRL",2024,9,0.031115,0,0.031115,0,0.031115,0,426.283435999993,0.00729913418451486
"Ireland","IRL",2025,3,0.1,0,0,0.1,0.02,-0.08,426.283435999993,0.0234585704146388
"Ireland","IRL",2025,4,0.007,0.007,0,0,0.007,0,426.283435999993,0.00164209992902471
"Ireland","IRL",2025,9,0.035187,0,0.0334,0.001787,0.002787,-0.0324,426.283435999993,0.00825436717179895
"Ireland","IRL",2025,12,0.1285,0,0.0285,0.1,0.1285,0,426.283435999993,0.0301442629828108
"Ireland","IRL",2026,1,0.025,0,0.025,0,0.025,0,426.283435999993,0.0058646426036597
"Ireland","IRL",2026,4,0.0383,0,0.0383,0,0.007,-0.0313,426.283435999993,0.00898463246880666
"Italy","ITA",2022,2,0.264,0.11,0.004,0.15,0.264,0,1782.05039999997,0.0148143958218019
"Italy","ITA",2022,3,0.007684,0,0.007684,0,0.007684,0,1782.05039999997,0.000431188702631538
"Italy","ITA",2022,4,0.032638,0,0.032638,0,0.032638,0,1782.05039999997,0.00183148579860595
"Italy","ITA",2022,5,0.008461,0,0,0.008461,0.008461,0,1782.05039999997,0.000474790163061614
"Italy","ITA",2022,8,0.2,0.2,0,0,0.2,0,1782.05039999997,0.0112230271377287
"Italy","ITA",2022,10,0.166209,0,0,0.166209,0.166209,0,1782.05039999997,0.00932684058767378
"Italy","ITA",2022,12,0.01,0,0.01,0,0.01,0,1782.05039999997,0.000561151356886437
"Italy","ITA",2023,1,0.317365,0,0,0.317365,0.317365,0,1782.05039999997,0.0178089800378264
"Italy","ITA",2023,4,0.318112,0.1,0.17066,0.047452,0.318112,0,1782.05039999997,0.0178508980441858
"Italy","ITA",2023,5,0.372971,0,0,0.372971,0.372971,0,1782.05039999997,0.0209293182729291
"Italy","ITA",2024,2,0.1005,0,0.1005,0,0.1005,0,1782.05039999997,0.00563957113670869
"Italy","ITA",2024,6,0.45766,0,0.14,0.31766,0.50266,0.045,1782.05039999997,0.0256816529992647
"Italy","ITA",2024,12,0.013,0,0.013,0,0.013,0,1782.05039999997,0.000729496763952368
"Italy","ITA",2025,2,0.002,0,0.002,0,0.002,0,1782.05039999997,0.000112230271377287
"Italy","ITA",2025,3,0.021,0,0.021,0,0.021,0,1782.05039999997,0.00117841784946152
"Italy","ITA",2025,5,1.619883,0,0,1.619883,1.619883,0,1782.05039999997,0.0908999543447272
"Italy","ITA",2025,6,0.0015,0,0.0015,0,0.0015,0,1782.05039999997,0.0000841727035329655
"Italy","ITA",2025,7,0.072,0,0.072,0,0.072,0,1782.05039999997,0.00404028976958235
"Italy","ITA",2025,12,0.11,0,0.11,0,0.11,0,1782.05039999997,0.00617266492575081
"Italy","ITA",2026,3,0.145,0,0.145,0,0.145,0,1782.05039999997,0.00813669467485334
"Japan","JPN",2022,2,0.052284,0,0.052284,0,0.052284,0,4177.48320460262,0.0012515669708114
"Japan","JPN",2022,3,0.139641,0.090753,0.048888,0,0.139641,0,4177.48320460262,0.00334270643736276
"Japan","JPN",2022,4,0.191149,0.184864,0.006285,0,0.19115,0.000001,4177.48320460262,0.00457569763031957
"Japan","JPN",2022,5,0.285163,0.283594,0.001569,0,0.285163,0,4177.48320460262,0.00682619141797665
"Japan","JPN",2022,11,0.002519,0,0.002519,0,0.002519,0,4177.48320460262,0.0000602994644532537
"Japan","JPN",2022,12,0.467824,0,0.467824,0,0.467824,0,4177.48320460262,0.0111987045090826
"Japan","JPN",2023,1,0.090154,0,0.090154,0,0.090154,0,4177.48320460262,0.00215809365554531
"Japan","JPN",2023,2,0.021978,0.021978,0,0,5.154922,5.132944,4177.48320460262,0.000526106244443672
"Japan","JPN",2023,3,0.624047,0,0.596025,0.028022,0.624047,0,4177.48320460262,0.014938348508797
"Japan","JPN",2023,4,0.429442,0.429442,0,0,0,-0.429442,4177.48320460262,0.0102799216410219
"Japan","JPN",2023,6,0.004613,0,0.004613,0,0.004613,0,4177.48320460262,0.000110425339230988
"Japan","JPN",2023,7,1.356466,1.356466,0,0,0,-1.356466,4177.48320460262,0.0324708905712772
"Japan","JPN",2023,9,0.000164,0.000164,0,0,0,-0.000164,4177.48320460262,0.0000039258087218474
"Japan","JPN",2023,11,0.212801,0.212801,0,0,0,-0.212801,4177.48320460262,0.00509400013303567
"Japan","JPN",2023,12,2.096661,2.096661,0,0,4.127284,2.030623,4177.48320460262,0.0501895734180323
"Japan","JPN",2024,1,0.464919,0.43099,0,0.033929,0.464919,0,4177.48320460262,0.0111291650314181
"Japan","JPN",2024,2,0.097907,0,0.097907,0,0.097907,0,4177.48320460262,0.00234368386908484
"Japan","JPN",2024,3,0.971211,0.905061,0.06615,0,0.06615,-0.905061,4177.48320460262,0.0232487110643545
"Japan","JPN",2024,5,0,0,0,0,0,0,4177.48320460262,0
"Japan","JPN",2024,8,0.000844,0,0.000844,0,0.000844,0,4177.48320460262,0.0000202035522026781
"Japan","JPN",2024,9,0.211597,0.211597,0,0,0,-0.211597,4177.48320460262,0.00506517895193137
"Japan","JPN",2024,10,0.001168,0,0,0.001168,2.892766,2.891598,4177.48320460262,0.0000279594182141327
"Japan","JPN",2024,11,0.698956,0.689549,0.009407,0,0.009407,-0.689549,4177.48320460262,0.0167315095182169
"Japan","JPN",2024,12,1.410641,1.410641,0,0,0,-1.410641,4177.48320460262,0.0337677240316802
"Japan","JPN",2025,2,0.055666,0,0.055666,0,0.055666,0,4177.48320460262,0.00133252480677047
"Japan","JPN",2025,4,0.18905,0.18905,0,0,0,-0.18905,4177.48320460262,0.00452545206625153
"Japan","JPN",2025,5,0,0,0,0,0,0,4177.48320460262,0
"Japan","JPN",2025,8,0.151348,0,0.151348,0,0.151348,0,4177.48320460262,0.00362294694167171
"Japan","JPN",2025,9,0.285155,0.285155,0,0,0,-0.285155,4177.48320460262,0.00682599991511217
"Japan","JPN",2025,12,0.021918,0,0.021918,0,3.865209,3.843291,4177.48320460262,0.000524669972960069
"Japan","JPN",2026,2,0.502337,0.468541,0.033796,0,0.033796,-0.468541,4177.48320460262,0.0120248718043089
"Japan","JPN",2026,4,1.110504,1.110504,0,0,0,-1.110504,4177.48320460262,0.0265830871271124
"Latvia","LVA",2022,3,0.005727,0.005,0.000727,0,0.005727,0,33.6959019999995,0.0169961320519038
"Latvia","LVA",2022,4,0.21883,0,0.00003,0.2188,0.21883,0,33.6959019999995,0.649426152770753
"Latvia","LVA",2022,5,0.010024,0.01,0.000024,0,0.010024,0,33.6959019999995,0.029748424600713
"Latvia","LVA",2022,7,0.031765,0,0.001765,0.03,0.031765,0,33.6959019999995,0.0942696236474111
"Latvia","LVA",2022,8,0.047894,0,0,0.047894,0.047894,0,33.6959019999995,0.142135978434412
"Latvia","LVA",2022,11,0.00056,0,0.00056,0,0.00056,0,33.6959019999995,0.00166192316205101
"Latvia","LVA",2022,12,0.001492,0,0.001492,0,0.001492,0,33.6959019999995,0.00442783813889304
"Latvia","LVA",2023,1,0.076566,0,0,0.076566,0.076566,0,33.6959019999995,0.227226444331424
"Latvia","LVA",2023,2,0.000185,0,0.000185,0,0.000185,0,33.6959019999995,0.000549028187463279
"Latvia","LVA",2023,3,0.000018,0,0.000018,0,0.000018,0,33.6959019999995,0.0000534189587802109
"Latvia","LVA",2023,4,0.010201,0.01,0.000201,0,0.010201,0,33.6959019999995,0.0302737110287184
"Latvia","LVA",2023,6,0.010842,0,0.004842,0.006,0.010842,0,33.6959019999995,0.0321760195052804
"Latvia","LVA",2023,7,0.007,0.007,0,0,0.007,0,33.6959019999995,0.0207740395256376
"Latvia","LVA",2023,10,0.000057,0,0.000057,0,0.000057,0,33.6959019999995,0.000169160036137335
"Latvia","LVA",2023,11,0.004,0.004,0,0,0.004,0,33.6959019999995,0.0118708797289358
"Latvia","LVA",2024,1,0.005,0.005,0,0,0.005,0,33.6959019999995,0.0148385996611697
"Latvia","LVA",2024,2,0.01,0,0,0.01,0.01,0,33.6959019999995,0.0296771993223394
"Latvia","LVA",2024,4,0.043,0.006,0.005,0.032,0.053,0.01,33.6959019999995,0.127611957086059
"Latvia","LVA",2024,5,0.0001,0,0,0.0001,0.0001,0,33.6959019999995,0.000296771993223394
"Latvia","LVA",2024,6,0.01,0,0,0.01,0.01,0,33.6959019999995,0.0296771993223394
"Latvia","LVA",2024,7,0.0011,0,0.0011,0,0.0011,0,33.6959019999995,0.00326449192545734
"Latvia","LVA",2024,8,0.020043,0,0.000043,0.02,0.020043,0,33.6959019999995,0.0594820106017649
"Latvia","LVA",2024,9,0.04,0,0,0.04,0.04,0,33.6959019999995,0.118708797289358
"Latvia","LVA",2024,10,0.001736,0.00025,0.001486,0,0.001736,0,33.6959019999995,0.00515196180235812
"Latvia","LVA",2025,2,0.072599,0,0.0064,0.066199,0.067599,-0.005,33.6959019999995,0.215453499360252
"Latvia","LVA",2025,3,0.010099,0,0.000099,0.01,0.030099,0.02,33.6959019999995,0.0299710035956306
"Latvia","LVA",2025,6,0.0002,0,0.0002,0,0.0002,0,33.6959019999995,0.000593543986446788
"Latvia","LVA",2025,8,0.000077,0,0,0.000077,0.000077,0,33.6959019999995,0.000228514434782014
"Latvia","LVA",2025,9,0.005,0,0,0.005,0.005,0,33.6959019999995,0.0148385996611697
"Latvia","LVA",2025,10,0.00007,0,0.00007,0,0,-0.00007,33.6959019999995,0.000207740395256376
"Latvia","LVA",2025,11,0.0022,0,0,0.0022,0.0022,0,33.6959019999995,0.00652898385091467
"Latvia","LVA",2025,12,0.0002,0,0.0002,0,0.0002,0,33.6959019999995,0.000593543986446788
"Latvia","LVA",2026,1,0.000075,0,0,0.000075,0.000013,-0.000062,33.6959019999995,0.000222578994917546
"Latvia","LVA",2026,2,0.01,0,0,0.01,0.01,0,33.6959019999995,0.0296771993223394
"Latvia","LVA",2026,3,0.003683,0,0.003683,0,0.003683,0,33.6959019999995,0.0109301125104176
"Latvia","LVA",2026,4,0.001335,0,0.00117,0.000165,0.12117,0.119835,33.6959019999995,0.00396190610953231
"Lithuania","LTU",2022,2,0.0058,0,0.0058,0,0.0058,0,56.179074999999,0.0103241286902643
"Lithuania","LTU",2022,3,0.044,0.005,0,0.039,0.044,0,56.179074999999,0.0783209762709706
"Lithuania","LTU",2022,4,0.0952,0,0.0342,0.061,0.0952,0,56.179074999999,0.169458112295373
"Lithuania","LTU",2022,5,0.0175,0,0.002,0.0155,0.0175,0,56.179074999999,0.0311503882895906
"Lithuania","LTU",2022,6,0.01,0.01,0,0,0.01,0,56.179074999999,0.017800221879766
"Lithuania","LTU",2022,7,0.013674,0,0.01,0.003674,0.013674,0,56.179074999999,0.0243400233983921
"Lithuania","LTU",2022,9,0.087887,0,0,0.087887,0.087887,0,56.179074999999,0.1564408100347
"Lithuania","LTU",2022,10,0.009051,0,0,0.009051,0.009051,0,56.179074999999,0.0161109808233762
"Lithuania","LTU",2022,11,0.069066,0.005,0.009,0.055066,0.069066,0,56.179074999999,0.122939012434792
"Lithuania","LTU",2022,12,0.058753,0,0,0.058753,0.058753,0,56.179074999999,0.104581643610189
"Lithuania","LTU",2023,1,0.125,0,0,0.125,0.125,0,56.179074999999,0.222502773497075
"Lithuania","LTU",2023,2,0.087955,0,0,0.087955,0.087955,0,56.179074999999,0.156561851543482
"Lithuania","LTU",2023,3,0.000138,0,0,0.000138,0.000138,0,56.179074999999,0.000245643061940771
"Lithuania","LTU",2023,4,0.051,0.01,0,0.041,0.051,0,56.179074999999,0.0907811315868068
"Lithuania","LTU",2023,6,0.038536,0.01,0.000177,0.028359,0.038664,0.000128,56.179074999999,0.0685949350358664
"Lithuania","LTU",2023,7,0.027,0,0,0.027,0.227,0.2,56.179074999999,0.0480605990753683
"Lithuania","LTU",2023,8,0.0478,0,0.0068,0.041,0.0478,0,56.179074999999,0.0850850605852816
"Lithuania","LTU",2023,9,0.0015,0.0015,0,0,0.0015,0,56.179074999999,0.0026700332819649
"Lithuania","LTU",2024,1,0.0228,0,0.0005,0.0223,0.0005,-0.0223,56.179074999999,0.0405845058858666
"Lithuania","LTU",2024,3,0.02,0,0.005,0.015,0.005,-0.015,56.179074999999,0.0356004437595321
"Lithuania","LTU",2024,4,0.079025,0,0.015,0.064025,0.015,-0.064025,56.179074999999,0.140666253404851
"Lithuania","LTU",2024,5,0.0135,0,0,0.0135,0,-0.0135,56.179074999999,0.0240302995376841
"Lithuania","LTU",2024,6,0.028089,0,0.01135,0.016739,0.00135,-0.026739,56.179074999999,0.0499990432380748
"Lithuania","LTU",2024,7,0.052,0,0.05,0.002,0.05,-0.002,56.179074999999,0.0925611537747834
"Lithuania","LTU",2024,8,0.00425,0,0.00025,0.004,0.00025,-0.004,56.179074999999,0.00756509429890056
"Lithuania","LTU",2024,9,0.0365,0,0.0005,0.036,0.0005,-0.036,56.179074999999,0.064970809861146
"Lithuania","LTU",2024,10,0.004,0,0.004,0,0.004,0,56.179074999999,0.00712008875190641
"Lithuania","LTU",2024,11,0.042,0.01,0,0.032,0.01,-0.032,56.179074999999,0.0747609318950173
"Lithuania","LTU",2024,12,0.03102,0,0.00002,0.031,0.03102,0,56.179074999999,0.0552162882710342
"Lithuania","LTU",2025,1,0.036,0,0.005,0.031,0.036,0,56.179074999999,0.0640807987671577
"Lithuania","LTU",2025,2,0.003,0,0,0.003,0.002,-0.001,56.179074999999,0.00534006656392981
"Lithuania","LTU",2025,3,0.001,0,0.001,0,0.001,0,56.179074999999,0.0017800221879766
"Lithuania","LTU",2025,4,0.04,0,0,0.04,0.033,-0.007,56.179074999999,0.0712008875190641
"Lithuania","LTU",2025,5,0.07,0,0,0.07,0.07,0,56.179074999999,0.124601553158362
"Lithuania","LTU",2025,7,0.021,0,0.021,0,0.022,0.001,56.179074999999,0.0373804659475087
"Lithuania","LTU",2025,9,0.06,0,0,0.06,0.06,0,56.179074999999,0.106801331278596
"Lithuania","LTU",2025,10,0.007,0,0.007,0,0.007,0,56.179074999999,0.0124601553158362
"Lithuania","LTU",2025,11,0.02,0,0,0.02,0.02,0,56.179074999999,0.0356004437595321
"Lithuania","LTU",2025,12,0,0,0,0,0.223,0.223,56.179074999999,0
"Lithuania","LTU",2026,1,0.0068,0,0.0068,0,0.0068,0,56.179074999999,0.0121041508782409
"Lithuania","LTU",2026,2,0.03467,0,0.01167,0.023,0.01167,-0.023,56.179074999999,0.0617133692571488
"Lithuania","LTU",2026,3,0.16,0,0.16,0,0.16,0,56.179074999999,0.284803550076257
"Lithuania","LTU",2026,4,0.01,0,0.01,0,0.01,0,56.179074999999,0.017800221879766
"Luxembourg","LUX",2022,2,0.050529,0,0,0.050529,0.050529,0,72.2950279999989,0.0698927732623616
"Luxembourg","LUX",2022,4,0.003,0,0.003,0,0.003,0,72.2950279999989,0.00414966296160788
"Luxembourg","LUX",2022,5,0.001,0,0.001,0,0.001,0,72.2950279999989,0.00138322098720263
"Luxembourg","LUX",2022,10,0.021448,0,0,0.021448,0.021448,0,72.2950279999989,0.029667323733522
"Luxembourg","LUX",2022,11,0.003,0,0,0.003,0.003,0,72.2950279999989,0.00414966296160788
"Luxembourg","LUX",2023,2,0.0298,0,0,0.0298,0.0166,-0.0132,72.2950279999989,0.0412199854186383
"Luxembourg","LUX",2023,3,0.000032,0,0.000032,0,0.000032,0,72.2950279999989,0.0000442630715904841
"Luxembourg","LUX",2023,6,0.021468,0,0.013468,0.008,0.021468,0,72.2950279999989,0.029694988153266
"Luxembourg","LUX",2023,7,0.001985,0.0013,0,0.000685,0.001985,0,72.2950279999989,0.00274569365959721
"Luxembourg","LUX",2023,8,0.0003,0,0.0003,0,0.0003,0,72.2950279999989,0.000414966296160788
"Luxembourg","LUX",2023,9,0.01,0,0,0.01,0.01,0,72.2950279999989,0.0138322098720263
"Luxembourg","LUX",2023,11,0.000335,0,0.000335,0,0.000335,0,72.2950279999989,0.00046337903071288
"Luxembourg","LUX",2024,3,0.02708,0,0,0.02708,0.0695,0.04242,72.2950279999989,0.0374576243334471
"Luxembourg","LUX",2024,6,0.014277,0,0.000277,0.014,0.000277,-0.014,72.2950279999989,0.0197482460342919
"Luxembourg","LUX",2024,7,0.001,0,0,0.001,0.0105,0.0095,72.2950279999989,0.00138322098720263
"Luxembourg","LUX",2024,10,0.011885,0,0.011885,0,0.011885,0,72.2950279999989,0.0164395814329032
"Luxembourg","LUX",2024,11,0.059598,0,0.056,0.003598,0.139598,0.08,72.2950279999989,0.0824372043953022
"Luxembourg","LUX",2024,12,0.011,0,0.011,0,0.011,0,72.2950279999989,0.0152154308592289
"Luxembourg","LUX",2025,4,0.022,0,0.011,0.011,0.021,-0.001,72.2950279999989,0.0304308617184578
"Luxembourg","LUX",2025,5,0,0,0,0,0.03,0.03,72.2950279999989,0
"Luxembourg","LUX",2025,7,0.01,0,0.01,0,0.01,0,72.2950279999989,0.0138322098720263
"Luxembourg","LUX",2025,8,0.0025,0,0,0.0025,0.0025,0,72.2950279999989,0.00345805246800657
"Luxembourg","LUX",2025,10,0.015,0,0,0.015,0.115,0.1,72.2950279999989,0.0207483148080394
"Luxembourg","LUX",2025,12,0.025,0,0.01,0.015,0.025,0,72.2950279999989,0.0345805246800657
"Malta","MLT",2022,3,0.00115,0,0.00115,0,0.00115,0,14.6811982274301,0.00783314809993751
"Malta","MLT",2022,12,0.00055,0,0.00055,0,0.00055,0,14.6811982274301,0.00374628822170924
"Malta","MLT",2023,1,0.00037,0,0.00037,0,0.00037,0,14.6811982274301,0.00252023025824076
"Malta","MLT",2025,5,0.0001,0,0.0001,0,0.0001,0,14.6811982274301,0.000681143313038044
"Netherlands","NLD",2022,2,0.058185,0,0,0.058185,0.058185,0,856.355999999988,0.00679448733937765
"Netherlands","NLD",2022,3,0.098327,0.08,0.018327,0,0.098327,0,856.355999999988,0.0114820238312105
"Netherlands","NLD",2022,4,0.124196,0,0,0.124196,0.124196,0,856.355999999988,0.0145028469468307
"Netherlands","NLD",2022,5,0.010102,0,0.010102,0,0.010102,0,856.355999999988,0.0011796495849857
"Netherlands","NLD",2022,6,0.058998,0.019875,0,0.039123,0.058998,0,856.355999999988,0.00688942449168346
"Netherlands","NLD",2022,7,0.2,0.2,0,0,0.2,0,856.355999999988,0.0233547730149614
"Netherlands","NLD",2022,8,0.0785,0.0685,0,0.01,0.0785,0,856.355999999988,0.00916674840837235
"Netherlands","NLD",2022,9,0.333442,0,0,0.333442,0.333442,0,856.355999999988,0.0389373111182738
"Netherlands","NLD",2022,10,0.072,0,0.072,0,0.072,0,856.355999999988,0.0084077182853861
"Netherlands","NLD",2022,11,0.353,0,0.108,0.245,0.353,0,856.355999999988,0.0412211743714069
"Netherlands","NLD",2022,12,0.286332,0,0,0.286332,2.846332,2.56,856.355999999988,0.0334360943345996
"Netherlands","NLD",2023,1,0.264605,0,0,0.264605,0.101205,-0.1634,856.355999999988,0.0308989485681193
"Netherlands","NLD",2023,2,0.019926,0,0,0.019926,0,-0.019926,856.355999999988,0.0023268360354806
"Netherlands","NLD",2023,3,0.043189,0,0,0.043189,0,-0.043189,856.355999999988,0.00504334645871584
"Netherlands","NLD",2023,4,0.5975,0,0.18,0.4175,0,-0.5975,856.355999999988,0.0697723843821972
"Netherlands","NLD",2023,5,0.085133,0.04,0,0.045133,0,-0.085133,856.355999999988,0.00994130945541354
"Netherlands","NLD",2023,6,0.267928,0.065,0.012,0.190928,0,-0.267928,856.355999999988,0.0312869881217629
"Netherlands","NLD",2023,7,0.16156,0.052,0.108875,0.000685,0,-0.16156,856.355999999988,0.0188659856414858
"Netherlands","NLD",2023,8,0.694454,0,0,0.694454,0,-0.694454,856.355999999988,0.08109407769666
"Netherlands","NLD",2023,9,0.08737,0.0015,0,0.08587,0,-0.08737,856.355999999988,0.0102025325915859
"Netherlands","NLD",2023,10,0.105018,0.102,0,0.003018,0,-0.105018,856.355999999988,0.0122633577624261
"Netherlands","NLD",2023,11,0.025,0.025,0,0,2.194,2.169,856.355999999988,0.00291934662687017
"Netherlands","NLD",2023,12,0.814508,0.062,0.057,0.695508,0,-0.814508,856.355999999988,0.0951132472943509
"Netherlands","NLD",2024,1,0.122,0,0,0.122,0,-0.122,856.355999999988,0.0142464115391265
"Netherlands","NLD",2024,2,0.385321,0,0,0.385321,0,-0.385321,856.355999999988,0.0449954224644897
"Netherlands","NLD",2024,3,0.213,0,0,0.213,0,-0.213,856.355999999988,0.0248728332609339
"Netherlands","NLD",2024,4,0.21,0,0,0.21,4.4,4.19,856.355999999988,0.0245225116657095
"Netherlands","NLD",2024,6,0.451031,0,0,0.451031,0,-0.451031,856.355999999988,0.0526686331385553
"Netherlands","NLD",2024,7,0.33,0,0.01,0.32,0.004,-0.326,856.355999999988,0.0385353754746863
"Netherlands","NLD",2024,9,0.2645,0,0.1845,0.08,0,-0.2645,856.355999999988,0.0308866873122864
"Netherlands","NLD",2024,10,0.711811,0,0,0.711811,0,-0.711811,856.355999999988,0.0831209216727634
"Netherlands","NLD",2024,12,0.022,0,0,0.022,0,-0.022,856.355999999988,0.00256902503164575
"Netherlands","NLD",2025,1,0.246,0,0.02,0.226,0,-0.246,856.355999999988,0.0287263708084025
"Netherlands","NLD",2025,2,0.008351,0,0,0.008351,0,-0.008351,856.355999999988,0.000975178547239713
"Netherlands","NLD",2025,3,0.52,0,0.02,0.5,0,-0.52,856.355999999988,0.0607224098388996
"Netherlands","NLD",2025,4,0.15,0,0,0.15,2.035,1.885,856.355999999988,0.017516079761221
"Netherlands","NLD",2025,6,0.575,0,0,0.575,0,-0.575,856.355999999988,0.067144972418014
"Netherlands","NLD",2025,7,0.076,0,0.076,0,0,-0.076,856.355999999988,0.00887481374568533
"Netherlands","NLD",2025,8,0.5,0,0,0.5,0,-0.5,856.355999999988,0.0583869325374035
"Netherlands","NLD",2025,10,0.476,0,0.186,0.29,0,-0.476,856.355999999988,0.0555843597756081
"Netherlands","NLD",2025,12,0.286025,0,0.001025,0.285,0.2,-0.086025,856.355999999988,0.0334002447580217
"Netherlands","NLD",2026,1,0.018,0,0.018,0,0.018,0,856.355999999988,0.00210192957134653
"Netherlands","NLD",2026,2,0.037,0,0.037,0,0.037,0,856.355999999988,0.00432063300776786
"Netherlands","NLD",2026,3,0.006,0,0.006,0,0.006,0,856.355999999988,0.000700643190448842
"Netherlands","NLD",2026,4,0.248,0,0,0.248,0,-0.248,856.355999999988,0.0289599185385521
"New Zealand","NZL",2022,2,0.002355,0,0.002355,0,0.002355,0,211.276883776166,0.00111465104838207
"New Zealand","NZL",2022,3,0.005757,0,0,0.005757,0.005757,0,211.276883776166,0.00272486033356076
"New Zealand","NZL",2022,4,0.00726,0,0,0.00726,0.00726,0,211.276883776166,0.00343624909182753
"New Zealand","NZL",2022,6,0.002704,0,0,0.002704,0.002704,0,211.276883776166,0.00127983712731428
"New Zealand","NZL",2022,11,0.001099,0,0,0.001099,0.001099,0,211.276883776166,0.000520170489244967
"New Zealand","NZL",2022,12,0.001801,0,0.001801,0,0.001801,0,211.276883776166,0.000852435897297712
"New Zealand","NZL",2023,5,0.002002,0,0.002002,0,0.002002,0,211.276883776166,0.000947571719261532
"New Zealand","NZL",2023,7,0.020377,0,0.019955,0.000422,0.020377,0,211.276883776166,0.00964468977192419
"New Zealand","NZL",2024,2,0.005392,0.001703,0,0.003689,0.005392,0,211.276883776166,0.00255210125387521
"New Zealand","NZL",2024,7,0.008896,0,0.00556,0.003336,0.008896,0,211.276883776166,0.00421058841885644
"New Zealand","NZL",2024,8,0.001362,0,0.001362,0,0.001362,0,211.276883776166,0.000644651689127975
"New Zealand","NZL",2025,2,0.001636,0.001636,0,0,0.001636,0,211.276883776166,0.000774339327028904
"New Zealand","NZL",2025,6,0.007847,0,0.003662,0.004185,0.007848,0.000001,211.276883776166,0.00371408355696565
"New Zealand","NZL",2025,12,0.007408,0,0,0.007408,0.007408,0,211.276883776166,0.00350629934879592
"New Zealand","NZL",2026,2,0.004064,0.001524,0.00254,0,0.004064,0,211.276883776166,0.00192354219134808
"Norway","NOR",2022,2,0.010343,0,0,0.010343,0.010343,0,407.676013384843,0.00253706366340379
"Norway","NOR",2022,3,0.002677,0,0,0.002677,0.002677,0,407.676013384843,0.000656648885906597
"Norway","NOR",2022,4,0.187143,0,0.081563,0.10558,0.187143,0,407.676013384843,0.0459048346862974
"Norway","NOR",2022,5,0.034624,0.034624,0,0,0.034624,0,407.676013384843,0.00849301868719836
"Norway","NOR",2022,6,0.090252,0,0.037558,0.052694,0.090251,-0.000001,407.676013384843,0.0221381678187681
"Norway","NOR",2022,7,0.125214,0,0.108883,0.016331,0.125214,0,407.676013384843,0.0307140954799808
"Norway","NOR",2022,9,0.015039,0,0,0.015039,0.310032,0.294993,407.676013384843,0.00368895875799377
"Norway","NOR",2022,10,0.319354,0.288687,0,0.030667,0.288687,-0.030667,407.676013384843,0.0783352440455044
"Norway","NOR",2022,11,0.195923,0,0,0.195923,0,-0.195923,407.676013384843,0.0480585056680905
"Norway","NOR",2022,12,0.02967,0,0.002871,0.026799,0.002871,-0.026799,407.676013384843,0.00727783804439624
"Norway","NOR",2023,1,0.010935,0,0.003733,0.007202,0,-0.010935,407.676013384843,0.00268227701434017
"Norway","NOR",2023,2,0.055302,0,0.0299,0.025402,9.137961,9.082659,407.676013384843,0.0135651836714257
"Norway","NOR",2023,3,0.206636,0.177214,0,0.029422,0,-0.206636,407.676013384843,0.0506863276758295
"Norway","NOR",2023,4,0.005657,0,0,0.005657,0,-0.005657,407.676013384843,0.00138762149703908
"Norway","NOR",2023,5,0.111845,0,0,0.111845,0,-0.111845,407.676013384843,0.0274347757356083
"Norway","NOR",2023,6,0.075461,0.05121,0.012803,0.011448,0,-0.075461,407.676013384843,0.0185100416807612
"Norway","NOR",2023,7,0.038585,0,0,0.038585,0,-0.038585,407.676013384843,0.0094646235572305
"Norway","NOR",2023,8,0.131433,0.131433,0,0,0,-0.131433,407.676013384843,0.0322395715432804
"Norway","NOR",2023,9,0.188674,0.087317,0.087317,0.01404,0,-0.188674,407.676013384843,0.0462803779975873
"Norway","NOR",2023,10,0.051598,0,0.017199,0.034399,0,-0.051598,407.676013384843,0.0126566190567832
"Norway","NOR",2023,11,0.10597,0.016955,0.084776,0.004239,0,-0.10597,407.676013384843,0.0259936804032582
"Norway","NOR",2023,12,0.05263,0.011705,0.011879,0.029046,0,-0.05263,407.676013384843,0.0129097612496318
"Norway","NOR",2024,2,0.072553,0,0.072553,0,0,-0.072553,407.676013384843,0.0177967301528507
"Norway","NOR",2024,3,0.138872,0,0,0.138872,0,-0.138872,407.676013384843,0.0340643048500638
"Norway","NOR",2024,4,0.005992,0.005992,0,0,0,-0.005992,407.676013384843,0.00146979459258585
"Norway","NOR",2024,5,0.014657,0,0.014657,0,0,-0.014657,407.676013384843,0.00359525689978819
"Norway","NOR",2024,6,0.384241,0,0.10072,0.283521,0,-0.384241,407.676013384843,0.0942515594208579
"Norway","NOR",2024,7,0.386324,0.002561,0.006824,0.376939,0.227571,-0.158753,407.676013384843,0.0947625043701831
"Norway","NOR",2024,9,0.029698,0.021213,0.008485,0,0,-0.029698,407.676013384843,0.00728470624342701
"Norway","NOR",2024,10,0.751376,0.379064,0.228131,0.144181,4.034533,3.283157,407.676013384843,0.184307139819557
"Norway","NOR",2024,11,0.055363,0.001703,0.011073,0.042587,0.25552,0.200157,407.676013384843,0.0135801465335999
"Norway","NOR",2024,12,0.354751,0,0.120603,0.234148,0,-0.354751,407.676013384843,0.0870178740845167
"Norway","NOR",2025,1,0.07356,0,0.013963,0.059597,0,-0.07356,407.676013384843,0.0180437400251361
"Norway","NOR",2025,2,0.154408,0,0,0.154408,0.386021,0.231613,407.676013384843,0.0378751741408539
"Norway","NOR",2025,3,0.221433,0.140201,0.081232,0,0,-0.221433,407.676013384843,0.0543159255707716
"Norway","NOR",2025,4,0.665192,0.205694,0.004477,0.455021,4.223694,3.558502,407.676013384843,0.163166823202832
"Norway","NOR",2025,5,0.045702,0,0.045702,0,0,-0.045702,407.676013384843,0.01121037257516
"Norway","NOR",2025,6,1.526976,0,0.038527,1.488449,0,-1.526976,407.676013384843,0.374556252972025
"Norway","NOR",2025,7,0.238322,0.097016,0.141306,0,0,-0.238322,407.676013384843,0.0584586760504415
"Norway","NOR",2025,8,0.208773,0.08428,0,0.124493,5.406952,5.198179,407.676013384843,0.0512105184375711
"Norway","NOR",2025,9,0.017652,0,0.017652,0,0,-0.017652,407.676013384843,0.00432990890325859
"Norway","NOR",2025,10,0.310088,0.128609,0,0.181479,0,-0.310088,407.676013384843,0.076062360751963
"Norway","NOR",2025,11,0.049829,0,0.049829,0,0,-0.049829,407.676013384843,0.0122226960537317
"Norway","NOR",2025,12,1.165284,0,0,1.165284,0,-1.165284,407.676013384843,0.285835801406344
"Norway","NOR",2026,1,0.259343,0,0.259343,0,0,-0.259343,407.676013384843,0.0636149764727959
"Norway","NOR",2026,2,0.829723,0.169148,0.0864,0.574175,0,-0.829723,407.676013384843,0.203525096586133
"Norway","NOR",2026,3,0.02848,0.008329,0.020151,0,0,-0.02848,407.676013384843,0.0069859395855883
"Norway","NOR",2026,4,0.656356,0,0.04985,0.606506,0,-0.656356,407.676013384843,0.160999415822977
"Poland","POL",2022,2,0.881686,0.881686,0,0,0.881686,0,574.466623877699,0.153479064466538
"Poland","POL",2022,3,0.006313,0.006313,0,0,0.006313,0,574.466623877699,0.00109893242489646
"Poland","POL",2022,4,1.862346,0,0.062346,1.8,1.862346,0,574.466623877699,0.32418698016414
"Poland","POL",2022,5,0.1,0,0.1,0,0.1,0,574.466623877699,0.0174074516853549
"Poland","POL",2022,7,0.01304,0,0,0.01304,0.01304,0,574.466623877699,0.00226993169977028
"Poland","POL",2022,8,0.007405,0,0.007405,0,0.007405,0,574.466623877699,0.00128902179730053
"Poland","POL",2022,11,0.212162,0,0.212162,0,0.212162,0,574.466623877699,0.0369319976446827
"Poland","POL",2023,1,0.1764,0,0.011143,0.165257,0.1764,0,574.466623877699,0.0307067447729661
"Poland","POL",2023,3,0.400719,0,0,0.400719,0.400719,0,574.466623877699,0.0697549663190374
"Poland","POL",2023,5,0.720984,0,0,0.720984,0.720984,0,574.466623877699,0.125504941459139
"Poland","POL",2023,6,0.000944,0,0.000944,0,0.000944,0,574.466623877699,0.00016432634390975
"Poland","POL",2023,7,0.028698,0.025,0.003698,0,0.028698,0,574.466623877699,0.00499559048466316
"Poland","POL",2023,12,0.006879,0,0.006879,0,0.006879,0,574.466623877699,0.00119745860143556
"Poland","POL",2024,11,0.215979,0,0.085979,0.13,0.215979,0,574.466623877699,0.0375964400755127
"Poland","POL",2024,12,0.622978,0,0.003161,0.619817,1.042796,0.419818,574.466623877699,0.10844459436039
"Poland","POL",2025,1,0.002119,0,0.002119,0,0.002119,0,574.466623877699,0.000368863901212671
"Poland","POL",2025,4,0.001758,0,0.001758,0,0.001758,0,574.466623877699,0.00030602300062854
"Poland","POL",2025,5,0.2,0,0,0.2,0.2,0,574.466623877699,0.0348149033707098
"Poland","POL",2025,10,0.025431,0,0,0.025431,0.152585,0.127154,574.466623877699,0.00442688903810261
"Poland","POL",2025,12,0.085406,0,0,0.085406,0.085406,0,574.466623877699,0.0148670081863942
"Poland","POL",2026,1,0.092817,0,0.001662,0.091155,0.092817,0,574.466623877699,0.0161570744307959
"Poland","POL",2026,2,0.2,0,0,0.2,0.2,0,574.466623877699,0.0348149033707098
"Portugal","PRT",2022,2,0.00269,0,0,0.00269,0.00269,0,214.470701999996,0.00125425056891922
"Portugal","PRT",2022,3,0.0001,0,0.0001,0,0.0001,0,214.470701999996,0.000046626415201458
"Portugal","PRT",2022,4,0.002239,0,0,0.002239,0.002239,0,214.470701999996,0.00104396543636064
"Portugal","PRT",2022,5,0.001852,0,0.0011,0.000752,0.001852,0,214.470701999996,0.000863521209531002
"Portugal","PRT",2022,8,0.000033,0,0,0.000033,0.000033,0,214.470701999996,0.0000153867170164811
"Portugal","PRT",2022,10,0.035723,0,0,0.035723,0.035723,0,214.470701999996,0.0166563543024168
"Portugal","PRT",2022,12,0.000517,0,0.000517,0,0.000517,0,214.470701999996,0.000241058566591538
"Portugal","PRT",2023,1,0.000922,0,0,0.000922,0.000922,0,214.470701999996,0.000429895548157443
"Portugal","PRT",2023,2,0.027998,0,0,0.027998,0.027998,0,214.470701999996,0.0130544637281042
"Portugal","PRT",2023,4,0.000751,0,0,0.000751,0.000751,0,214.470701999996,0.00035016437816295
"Portugal","PRT",2023,6,0.003156,0,0,0.003156,0.003156,0,214.470701999996,0.00147152966375801
"Portugal","PRT",2024,2,0.001372,0,0,0.001372,0.004116,0.002744,214.470701999996,0.000639714416564004
"Portugal","PRT",2024,3,0.174,0,0,0.174,0.1,-0.074,214.470701999996,0.0811299624505369
"Portugal","PRT",2024,5,0,0,0,0,0.026,0.026,214.470701999996,0
"Portugal","PRT",2024,7,0,0,0,0,0.321,0.321,214.470701999996,0
"Portugal","PRT",2024,11,0.052,0,0,0.052,0,-0.052,214.470701999996,0.0242457359047582
"Portugal","PRT",2025,2,0.000105,0.000105,0,0,0.000105,0,214.470701999996,0.0000489577359615309
"Portugal","PRT",2025,7,0.0205,0,0,0.0205,0,-0.0205,214.470701999996,0.00955841511629889
"Portugal","PRT",2025,10,0.06,0,0,0.06,0,-0.06,214.470701999996,0.0279758491208748
"Portugal","PRT",2025,12,0.0006,0,0.0006,0,0.0006,0,214.470701999996,0.000279758491208748
"Portugal","PRT",2026,3,0.00019,0,0.00019,0,0.00019,0,214.470701999996,0.0000885901888827702
"Portugal","PRT",2026,4,0.0006,0,0.0006,0,0.0006,0,214.470701999996,0.000279758491208748
"Romania","ROU",2022,2,0.003473,0,0.000473,0.003,0.003473,0,240.194370036461,0.00144591232486957
"Romania","ROU",2022,3,0.00101,0,0.00101,0,0.00101,0,240.194370036461,0.000420492786673845
"Romania","ROU",2022,4,0.003228,0,0.003228,0,0.003228,0,240.194370036461,0.00134391159938928
"Romania","ROU",2022,5,0.0032,0,0.0032,0,0.0032,0,240.194370036461,0.0013322543736201
"Romania","ROU",2022,10,0.000407,0,0,0.000407,0.000407,0,240.194370036461,0.000169446103144807
"Romania","ROU",2023,2,0.001019,0,0.001019,0,0.001019,0,240.194370036461,0.000424239752099651
"Romania","ROU",2023,3,0.114081,0,0.114081,0,0.114081,0,240.194370036461,0.0474952847490484
"Romania","ROU",2023,4,0.000757,0,0,0.000757,0.000757,0,240.194370036461,0.000315161425259505
"Romania","ROU",2024,9,0.360166,0,0,0.360166,0.360166,0,240.194370036461,0.149947727727893
"Romania","ROU",2025,12,0.05,0,0,0.05,0.05,0,240.194370036461,0.0208164745878141
"Slovakia","SVK",2022,2,0.0172,0,0,0.0172,0.0172,0,98.5229809999987,0.0174578558478658
"Slovakia","SVK",2022,3,0.0322,0,0,0.0322,0.0322,0,98.5229809999987,0.0326827301337953
"Slovakia","SVK",2022,4,0.073,0,0.005,0.068,0.073,0,98.5229809999987,0.0740943881915235
"Slovakia","SVK",2022,6,0.072167,0,0,0.072167,0.072167,0,98.5229809999987,0.0732489001728449
"Slovakia","SVK",2022,8,0.016633,0,0,0.016633,0.016633,0,98.5229809999987,0.0168823555998577
"Slovakia","SVK",2022,12,0.013,0,0.004,0.009,0.013,0,98.5229809999987,0.0131948910478056
"Slovakia","SVK",2023,2,0.0045,0,0,0.0045,0.0045,0,98.5229809999987,0.00456746228577885
"Slovakia","SVK",2023,3,0.472565,0,0,0.472565,0.472565,0,98.5229809999987,0.479649514462018
"Slovakia","SVK",2023,6,0.00604,0,0.00184,0.0042,0.00604,0,98.5229809999987,0.00613054937913427
"Slovakia","SVK",2023,7,0.005,0.005,0,0,0.005,0,98.5229809999987,0.00507495809530983
"Slovakia","SVK",2024,1,0.000203,0,0.000203,0,0.00061,0.000407,98.5229809999987,0.000206043298669579
"Slovakia","SVK",2024,11,0.0005,0,0.0005,0,0.0005,0,98.5229809999987,0.000507495809530983
"Slovakia","SVK",2024,12,0.00075,0,0.00075,0,0.00075,0,98.5229809999987,0.000761243714296474
"Slovakia","SVK",2025,4,0.0035,0,0.0035,0,0.0035,0,98.5229809999987,0.00355247066671688
"Slovakia","SVK",2025,10,0.002794,0,0.002794,0,0.0008,-0.001994,98.5229809999987,0.00283588658365913
"Slovakia","SVK",2026,2,0.000763,0,0.000763,0,0.000763,0,98.5229809999987,0.00077443860534428
"Slovakia","SVK",2026,4,0.03092,0.03092,0,0,0.0188,-0.01212,98.5229809999987,0.031383540861396
"Slovenia","SVN",2022,2,0.001263,0,0.001263,0,0.001263,0,52.2080679999991,0.00241916632502092
"Slovenia","SVN",2022,3,0.000363,0,0.000363,0,0.000363,0,52.2080679999991,0.000695294834507199
"Slovenia","SVN",2022,4,0.00182,0,0.00182,0,0.00182,0,52.2080679999991,0.00348605123637218
"Slovenia","SVN",2022,6,0.030135,0,0,0.030135,0.030135,0,52.2080679999991,0.0577209637407009
"Slovenia","SVN",2022,9,0.027379,0,0,0.027379,0.027379,0,52.2080679999991,0.0524420861541945
"Slovenia","SVN",2022,11,0.000134,0,0.000134,0,0.000134,0,52.2080679999991,0.00025666531080982
"Slovenia","SVN",2022,12,0.002146,0,0.002146,0,0.002146,0,52.2080679999991,0.0041104757984916
"Slovenia","SVN",2023,3,0.009876,0,0,0.009876,0.009876,0,52.2080679999991,0.0189166164892372
"Slovenia","SVN",2023,6,0.000228,0,0.000228,0,0.000228,0,52.2080679999991,0.000436714110930142
"Slovenia","SVN",2023,9,0.000206,0,0.000206,0,0.000206,0,52.2080679999991,0.000394575030050917
"Slovenia","SVN",2023,11,0.0052,0,0.0052,0,0.0052,0,52.2080679999991,0.00996014638963481
"Slovenia","SVN",2023,12,0.00305,0,0.00305,0,0.00305,0,52.2080679999991,0.00584200894007426
"Slovenia","SVN",2024,3,0.001,0,0,0.001,0.001,0,52.2080679999991,0.00191541276723746
"Slovenia","SVN",2024,6,0.0052,0,0.0052,0,0.0052,0,52.2080679999991,0.00996014638963481
"Slovenia","SVN",2024,10,0.0005,0,0.0005,0,0.0005,0,52.2080679999991,0.000957706383618731
"Slovenia","SVN",2025,7,0.004499,0,0.004499,0,0.007,0.002501,52.2080679999991,0.00861744203980135
"Slovenia","SVN",2025,9,0.001,0,0.001,0,0.001,0,52.2080679999991,0.00191541276723746
"Slovenia","SVN",2025,10,0.043,0,0,0.043,0.043,0,52.2080679999991,0.0823627489912109
"Slovenia","SVN",2026,2,0.004729,0,0.0005,0.004229,0.011429,0.0067,52.2080679999991,0.00905798697626596
"South Korea","KOR",2022,2,0.008817,0,0.008817,0,0.008817,0,1531.15257504184,0.00057584071918888
"South Korea","KOR",2022,3,0.000726,0,0,0.000726,0.000726,0,1531.15257504184,0.0000474152616684958
"South Korea","KOR",2022,4,0.029209,0,0.02773,0.001479,0.029209,0,1531.15257504184,0.0019076479036847
"South Korea","KOR",2022,5,0.001115,0,0,0.001115,0.001115,0,1531.15257504184,0.0000728209597250314
"South Korea","KOR",2022,6,0.048458,0,0.048458,0,0.048458,0,1531.15257504184,0.00316480544067764
"South Korea","KOR",2022,12,0.008311,0,0.008311,0,0.008311,0,1531.15257504184,0.00054279371863205
"South Korea","KOR",2023,2,0.121324,0,0.121324,0,0.121324,0,1531.15257504184,0.00792370414141678
"South Korea","KOR",2023,5,0,0,0,0,0,0,1531.15257504184,0
"South Korea","KOR",2023,7,0.045215,0.009043,0.036172,0,0.027129,-0.018086,1531.15257504184,0.00295300420983614
"South Korea","KOR",2023,8,0,0,0,0,0.529781,0.529781,1531.15257504184,0
"South Korea","KOR",2023,9,0,0,0,0,1.965591,1.965591,1531.15257504184,0
"South Korea","KOR",2024,2,0.02038,0,0.02038,0,0.02038,0,1531.15257504184,0.00133102346116246
"South Korea","KOR",2024,4,0.104402,0.093216,0,0.011186,0.011186,-0.093216,1531.15257504184,0.00681852362081859
"South Korea","KOR",2024,5,0.014798,0,0.014798,0,0,-0.014798,1531.15257504184,0.000966461490592838
"South Korea","KOR",2024,6,0.001162,0,0.001162,0,0,-0.001162,1531.15257504184,0.0000758905427807053
"South Korea","KOR",2024,7,0.009222,0,0.009222,0,0,-0.009222,1531.15257504184,0.000602291381689901
"South Korea","KOR",2024,8,0.007265,0,0.007265,0,0,-0.007265,1531.15257504184,0.000474479168073859
"South Korea","KOR",2024,10,0.091707,0.091707,0,0,0,-0.091707,1531.15257504184,0.00598940964439771
"South Korea","KOR",2025,1,0.02008,0,0.02008,0,0,-0.02008,1531.15257504184,0.00131143037782837
"South Korea","KOR",2025,4,0.093419,0,0.093419,0,0,-0.093419,1531.15257504184,0.00610122083995758
"South Korea","KOR",2025,9,0.000381,0,0.000381,0,0,-0.000381,1531.15257504184,0.0000248832158342932
"South Korea","KOR",2025,10,0.000477,0,0.000477,0,0,-0.000477,1531.15257504184,0.0000311530025012018
"South Korea","KOR",2025,11,0.012154,0,0.012154,0,0,-0.012154,1531.15257504184,0.000793781116141732
"South Korea","KOR",2025,12,0.000171,0,0.000171,0,0,-0.000171,1531.15257504184,0.0000111680575004308
"South Korea","KOR",2026,3,0.006921,0.006921,0,0,0.006921,0,1531.15257504184,0.000452012432517437
"South Korea","KOR",2026,4,0.000916,0,0.000916,0,0.000916,0,1531.15257504184,0.0000598242144467522
"Spain","ESP",2022,2,0.00015,0,0.00015,0,0.00015,0,1206.84199999998,0.0000124291332253934
"Spain","ESP",2022,3,0.097815,0,0.071824,0.025991,0.097814,-0.000001,1206.84199999998,0.00810503777627905
"Spain","ESP",2022,4,0.030033,0,0.001624,0.028409,0.030032,-0.000001,1206.84199999998,0.00248856105438827
"Spain","ESP",2022,6,0.170387,0,0,0.170387,0.170387,0,1206.84199999998,0.0141184181525007
"Spain","ESP",2022,7,0.150816,0.1497,0,0.001116,0.150816,0,1206.84199999998,0.0124967477101396
"Spain","ESP",2022,8,0.008305,0,0,0.008305,0.008305,0,1206.84199999998,0.000688159676245949
"Spain","ESP",2022,10,0.204918,0,0,0.204918,0.204918,0,1206.84199999998,0.0169796874818745
"Spain","ESP",2022,11,0.070217,0,0,0.070217,0.070217,0,1206.84199999998,0.005818242984583
"Spain","ESP",2022,12,0.112805,0.1,0,0.012805,0.112805,0,1206.84199999998,0.0093471224899367
"Spain","ESP",2023,1,0.024354,0,0.0045,0.019854,0.024354,0,1206.84199999998,0.00201799407047488
"Spain","ESP",2023,2,0.00106,0,0,0.00106,0.00106,0,1206.84199999998,0.0000878325414594468
"Spain","ESP",2023,4,0.10419,0.1,0.00419,0,0.10419,0,1206.84199999998,0.00863327593835827
"Spain","ESP",2023,6,0.081001,0,0,0.081001,0.081001,0,1206.84199999998,0.00671181480260062
"Spain","ESP",2023,7,0.07,0.07,0,0,0.07,0,1206.84199999998,0.00580026217185026
"Spain","ESP",2023,9,0.005654,0,0,0.005654,0.005654,0,1206.84199999998,0.000468495461709163
"Spain","ESP",2023,10,0.086627,0,0.00142,0.085207,0.086627,0,1206.84199999998,0.00717799015944104
"Spain","ESP",2024,1,0.000104,0,0,0.000104,0,-0.000104,1206.84199999998,0.0000086175323696061
"Spain","ESP",2024,2,0.006621,0,0,0.006621,0,-0.006621,1206.84199999998,0.000548621940568866
"Spain","ESP",2024,3,0.037364,0,0,0.037364,0,-0.037364,1206.84199999998,0.00309601422555733
"Spain","ESP",2024,5,0.069,0.051,0.0165,0.0015,1.0196,0.9506,1206.84199999998,0.00571740128368097
"Spain","ESP",2024,7,0.029209,0,0,0.029209,0,-0.029209,1206.84199999998,0.00242028368253678
"Spain","ESP",2024,8,0.00036,0,0.00036,0,0.00036,0,1206.84199999998,0.0000298299197409442
"Spain","ESP",2025,1,0.00565,0,0.00565,0,0.00565,0,1206.84199999998,0.000468164018156486
"Spain","ESP",2025,2,0,0,0,0,1,1,1206.84199999998,0
"Spain","ESP",2025,8,0.00435,0,0.00435,0,0.00435,0,1206.84199999998,0.000360444863536409
"Spain","ESP",2025,10,0.001745,0,0.001745,0,0.001745,0,1206.84199999998,0.00014459224985541
"Spain","ESP",2025,11,0.817,0,0.202,0.615,0.2,-0.617,1206.84199999998,0.0676973456343095
"Spain","ESP",2026,1,0.037,0,0,0.037,0,-0.037,1206.84199999998,0.00306585286226371
"Spain","ESP",2026,2,0.001,0,0.001,0,0.001,0,1206.84199999998,0.0000828608881692895
"Spain","ESP",2026,3,0.012978,0,0,0.012978,0,-0.012978,1206.84199999998,0.00107536860666104
"Spain","ESP",2026,4,0.039443,0,0,0.039443,1,0.960557,1206.84199999998,0.00326828201206129
"Sweden","SWE",2022,2,0.085436,0,0,0.085436,0.085436,0,537.450018220908,0.015896547977208
"Sweden","SWE",2022,3,0.045376,0.045376,0,0,0.045376,0,537.450018220908,0.00844283160510548
"Sweden","SWE",2022,4,0,0,0,0,0,0,537.450018220908,0
"Sweden","SWE",2022,5,0.075538,0,0.075538,0,0.075538,0,537.450018220908,0.0140548883503715
"Sweden","SWE",2022,6,0.094336,0,0.009434,0.084902,0.094335,-0.000001,537.450018220908,0.0175525159180895
"Sweden","SWE",2022,7,0.054628,0,0,0.054628,0.054628,0,537.450018220908,0.0101642940083679
"Sweden","SWE",2022,8,0.09522,0.04761,0,0.04761,0.095219,-0.000001,537.450018220908,0.0177169963292962
"Sweden","SWE",2022,9,0.009845,0,0.009845,0,0.009845,0,537.450018220908,0.00183179824471667
"Sweden","SWE",2022,11,0.304233,0.012868,0.015625,0.27574,0.304233,0,537.450018220908,0.0566067521975506
"Sweden","SWE",2022,12,0.054615,0.054615,0,0,0.054615,0,537.450018220908,0.0101618751787913
"Sweden","SWE",2023,1,0.385539,0,0.001785,0.383754,0.383754,-0.001785,537.450018220908,0.0717348566246642
"Sweden","SWE",2023,2,0.648425,0,0.046543,0.601882,0.601882,-0.046543,537.450018220908,0.120648428322032
"Sweden","SWE",2023,5,0.011,0,0.011,0,0.011,0,537.450018220908,0.0020467019494041
"Sweden","SWE",2023,6,0.045822,0,0.024412,0.02141,0.02141,-0.024412,537.450018220908,0.00852581606596314
"Sweden","SWE",2023,7,0,0,0,0,0.522,0.522,537.450018220908,0
"Sweden","SWE",2023,8,0.275151,0,0,0.275151,0.275151,0,537.450018220908,0.0511956443709533
"Sweden","SWE",2023,10,0.188886,0,0,0.188886,0.188886,0,537.450018220908,0.0351448494922857
"Sweden","SWE",2023,12,0.116042,0.107116,0.008926,0,0.107116,-0.008926,537.450018220908,0.0215912170557046
"Sweden","SWE",2024,1,0.004431,0,0,0.004431,0.004431,0,537.450018220908,0.000824448757982687
"Sweden","SWE",2024,2,0.63769,0,0.006578,0.631112,0.631112,-0.006578,537.450018220908,0.118651033283227
"Sweden","SWE",2024,3,0.033538,0,0.003538,0.03,0.033538,0,537.450018220908,0.00624020817991951
"Sweden","SWE",2024,4,0.025901,0,0.025901,0,0.000262,-0.025639,537.450018220908,0.00481923883559232
"Sweden","SWE",2024,5,1.186459,0,0.067564,1.118895,9.166333,7.979874,537.450018220908,0.220757086198912
"Sweden","SWE",2024,7,0.001515,0,0.001515,0,0,-0.001515,537.450018220908,0.000281886677577019
"Sweden","SWE",2024,8,0.000873,0,0.000873,0,0,-0.000873,537.450018220908,0.000162433709257252
"Sweden","SWE",2024,9,0.185072,0,0.044199,0.140873,0,-0.185072,537.450018220908,0.0344352021072832
"Sweden","SWE",2024,10,0.110045,0,0.047045,0.063,0,-0.110045,537.450018220908,0.0204753923656522
"Sweden","SWE",2024,11,0.223852,0,0.004317,0.219535,0,-0.223852,537.450018220908,0.0416507567980005
"Sweden","SWE",2025,1,1.09585,0,0,1.09585,0,-1.09585,537.450018220908,0.203898030114044
"Sweden","SWE",2025,2,0.009558,0,0.009558,0,0,-0.009558,537.450018220908,0.00177839793021858
"Sweden","SWE",2025,3,1.044298,0.009118,0.043396,0.991784,0.043396,-1.000902,537.450018220908,0.194306068396255
"Sweden","SWE",2025,5,0.367056,0,0,0.367056,0,-0.367056,537.450018220908,0.0682958391582246
"Sweden","SWE",2025,6,0.052228,0,0.002271,0.049957,0.002271,-0.049957,537.450018220908,0.00971774085577065
"Sweden","SWE",2025,7,0.16868,0.02,0.014734,0.133946,0.02,-0.14868,537.450018220908,0.0313852440750439
"Sweden","SWE",2025,8,0.236428,0,0,0.236428,0.00896,-0.227468,537.450018220908,0.0439906953176102
"Sweden","SWE",2025,9,0.940421,0,0.104087,0.836334,0,-0.940421,537.450018220908,0.174978317632777
"Sweden","SWE",2025,11,0,0,0,0,0,0,537.450018220908,0
"Sweden","SWE",2025,12,0.167775,0,0.167775,0,6.346799,6.179024,537.450018220908,0.031216856323752
"Sweden","SWE",2026,2,1.33849,0,0.127832,1.210658,0,-1.33849,537.450018220908,0.249044553841626
"Sweden","SWE",2026,3,0.265192,0.236,0.029192,0,0.236,-0.029192,537.450018220908,0.0493426348514883
"Sweden","SWE",2026,4,0.008897,0,0.008897,0,0.000314,-0.008583,537.450018220908,0.00165540974944075
"Switzerland","CHE",2022,2,0.002868,0.002868,0,0,0.002868,0,676.936558740257,0.00042367338016685
"Switzerland","CHE",2022,3,0.058563,0,0.058563,0,0.058563,0,676.936558740257,0.00865117997305134
"Switzerland","CHE",2022,7,0.056981,0.056981,0,0,0.056981,0,676.936558740257,0.0084174800820388
"Switzerland","CHE",2022,8,0.021981,0,0.021981,0,0.021981,0,676.936558740257,0.00324712851096497
"Switzerland","CHE",2022,11,0.10161,0,0.10161,0,0.10161,0,676.936558740257,0.0150102692324803
"Switzerland","CHE",2022,12,0.085657,0.037507,0.04815,0,0.085657,0,676.936558740257,0.0126536229863849
"Switzerland","CHE",2023,2,0.115095,0,0.115095,0,0.115095,0,676.936558740257,0.0170023318306498
"Switzerland","CHE",2023,4,0.162509,0,0.162509,0,1.17819,1.015681,676.936558740257,0.0240065332418182
"Switzerland","CHE",2023,6,0.001229,0,0.001229,0,0,-0.001229,676.936558740257,0.000181553202309993
"Switzerland","CHE",2023,7,0.019973,0,0.019973,0,0,-0.019973,676.936558740257,0.00295049805511593
"Switzerland","CHE",2023,9,0.001229,0,0.001229,0,0.105396,0.104167,676.936558740257,0.000181553202309993
"Switzerland","CHE",2023,10,0.009836,0.009836,0,0,0.009836,0,676.936558740257,0.00145301651580235
"Switzerland","CHE",2023,12,0.031775,0,0.031775,0,0.031775,0,676.936558740257,0.00469394060488203
"Switzerland","CHE",2024,1,0.055085,0,0.055085,0,0.055085,0,676.936558740257,0.0081373947512172
"Switzerland","CHE",2024,3,0.000932,0,0.000932,0,0.000932,0,676.936558740257,0.000137679076121166
"Switzerland","CHE",2024,6,0.0052,0.0052,0,0,0.051999,0.046799,676.936558740257,0.000768166519130969
"Switzerland","CHE",2024,8,0.015481,0,0.015481,0,0.015481,0,676.936558740257,0.00228692036205126
"Switzerland","CHE",2024,9,0.112902,0.112902,0,0,0.112902,0,676.936558740257,0.0166783723736394
"Switzerland","CHE",2024,10,0.03793,0,0.03793,0,0.005966,-0.031964,676.936558740257,0.00560318385973801
"Switzerland","CHE",2024,12,0.056562,0,0.056562,0,0.056562,0,676.936558740257,0.00835558358751652
"Switzerland","CHE",2025,2,0,0,0,0,1.859042,1.859042,676.936558740257,0
"Switzerland","CHE",2025,7,0,0,0,0,1.876737,1.876737,676.936558740257,0
"Switzerland","CHE",2025,8,0.09929,0,0.09929,0,0,-0.09929,676.936558740257,0.0146675487854835
"Switzerland","CHE",2025,9,0.051874,0,0.051874,0,0,-0.051874,676.936558740257,0.00766305192565383
"Switzerland","CHE",2025,10,0.005416,0,0.005416,0,0,-0.005416,676.936558740257,0.000800074974541025
"Switzerland","CHE",2025,11,0.017331,0,0.017331,0,0,-0.017331,676.936558740257,0.00256021037366516
"Switzerland","CHE",2026,2,0.03501,0,0.03501,0,0,-0.03501,676.936558740257,0.00517182881437985
"Switzerland","CHE",2026,4,0.217074,0,0.217074,0,0,-0.217074,676.936558740257,0.0320671113411223
"Taiwan","TWN",2022,2,0.000238,0,0.000238,0,0.000238,0,655.257957640088,0.0000363215733933483
"Taiwan","TWN",2022,4,0.007857,0,0.007857,0,0.007857,0,655.257957640088,0.00119906975693923
"Taiwan","TWN",2022,5,0.004538,0,0.004538,0,0.004538,0,655.257957640088,0.00069255168092023
"Taiwan","TWN",2022,6,0.000473,0,0.000473,0,0.000473,0,655.257957640088,0.000072185311827957
"Taiwan","TWN",2022,10,0,0,0,0,0.056994,0.056994,655.257957640088,0
"Taiwan","TWN",2022,12,0.000944,0,0.000944,0,0,-0.000944,655.257957640088,0.000144065400350088
"Taiwan","TWN",2023,1,0.001857,0,0.001857,0,0,-0.001857,655.257957640088,0.000283399839459865
"Taiwan","TWN",2023,6,0.004382,0,0.004382,0,0,-0.004382,655.257957640088,0.000668744263065766
"Taiwan","TWN",2023,7,0.005878,0,0.005878,0,0,-0.005878,655.257957640088,0.000897051295823956
"Taiwan","TWN",2023,8,0.00055,0,0.00055,0,0,-0.00055,655.257957640088,0.0000839364091022756
"Taiwan","TWN",2024,6,0.001115,0,0.001115,0,0.001115,0,655.257957640088,0.00017016199299825
"Taiwan","TWN",2024,8,0.00025,0,0.00025,0,0,-0.00025,655.257957640088,0.0000381529132283071
"Taiwan","TWN",2024,11,0.004704,0,0.004704,0,0.004704,0,655.257957640088,0.000717885215303826
"Taiwan","TWN",2024,12,0.008772,0.004,0.004772,0,0.008772,0,655.257957640088,0.00133870941935484
"Taiwan","TWN",2025,1,0.000541,0,0.000541,0,0.000541,0,655.257957640088,0.0000825629042260565
"Taiwan","TWN",2025,5,0.001773,0,0.001773,0,0.001773,0,655.257957640088,0.000270580460615154
"Taiwan","TWN",2025,7,0.003926,0,0.003926,0,0.003926,0,655.257957640088,0.000599153349337334
"Taiwan","TWN",2026,1,0.0049,0,0.0049,0,0.0049,0,655.257957640088,0.000747797099274819
"Turkiye","TUR",2022,2,0.000219,0,0.000219,0,0.000219,0,692.48944671202,0.0000316250306831136
"Turkiye","TUR",2022,3,0.004323,0,0.004323,0,0.004323,0,692.48944671202,0.000624269441292694
"Turkiye","TUR",2022,8,0.066243,0,0,0.066243,0.066243,0,692.48944671202,0.00956592195224426
"United Kingdom","GBR",2022,2,0.263842,0.140833,0.04774,0.075269,0.263841,-0.000001,2647.56154520574,0.00996547183115614
"United Kingdom","GBR",2022,3,0.922018,0.123269,0.175757,0.622992,0.922017,-0.000001,2647.56154520574,0.0348251772152232
"United Kingdom","GBR",2022,4,1.018775,0.808223,0.011954,0.198598,1.018775,0,2647.56154520574,0.0384797475943409
"United Kingdom","GBR",2022,5,0.472411,0.047266,0,0.425145,1.577335,1.104924,2647.56154520574,0.017843249040063
"United Kingdom","GBR",2022,6,0.096293,0,0.011661,0.084632,1.177718,1.081425,2647.56154520574,0.00363704481863205
"United Kingdom","GBR",2022,7,0.232194,0,0.005885,0.226309,0.005885,-0.226309,2647.56154520574,0.00877010774010002
"United Kingdom","GBR",2022,8,0.447489,0,0,0.447489,0,-0.447489,2647.56154520574,0.0169019300348399
"United Kingdom","GBR",2022,9,0.504858,0.504858,0,0,3.134543,2.629685,2647.56154520574,0.0190687918441106
"United Kingdom","GBR",2022,10,0.312049,0,0.003664,0.308385,0.003664,-0.308385,2647.56154520574,0.0117862793620441
"United Kingdom","GBR",2022,11,0.284409,0,0.011509,0.2729,0.011509,-0.2729,2647.56154520574,0.0107422998538037
"United Kingdom","GBR",2022,12,1.403463,0.472197,0,0.931266,0.472197,-0.931266,2647.56154520574,0.0530096458962936
"United Kingdom","GBR",2023,1,0.910039,0,0,0.910039,0,-0.910039,2647.56154520574,0.0343727231439782
"United Kingdom","GBR",2023,2,0.282326,0,0,0.282326,0,-0.282326,2647.56154520574,0.0106636236846408
"United Kingdom","GBR",2023,3,0.011339,0,0.011339,0,0.011339,0,2647.56154520574,0.000428280884368218
"United Kingdom","GBR",2023,4,0.364707,0,0,0.364707,0,-0.364707,2647.56154520574,0.0137752038535391
"United Kingdom","GBR",2023,5,0.042073,0.018699,0.023374,0,0.042074,0.000001,2647.56154520574,0.00158912264291596
"United Kingdom","GBR",2023,6,0.97465,0.46126,0.15234,0.36105,3.510442,2.535792,2647.56154520574,0.0368131196710013
"United Kingdom","GBR",2023,7,0.100561,0,0.006149,0.094412,0.006149,-0.094412,2647.56154520574,0.00379824975861649
"United Kingdom","GBR",2023,8,0.223536,0.223536,0,0,0.223536,0,2647.56154520574,0.00844308984638275
"United Kingdom","GBR",2023,10,0.050692,0,0.050692,0,0,-0.050692,2647.56154520574,0.00191466748305792
"United Kingdom","GBR",2023,12,0.578346,0,0.042649,0.535697,0,-0.578346,2647.56154520574,0.0218444780272353
"United Kingdom","GBR",2024,1,0.399426,0,0.020961,0.378465,2.932234,2.532808,2647.56154520574,0.0150865614709992
"United Kingdom","GBR",2024,2,0.378062,0,0.009945,0.368117,0.009945,-0.368117,2647.56154520574,0.0142796302765691
"United Kingdom","GBR",2024,3,0.474605,0.474605,0,0,0,-0.474605,2647.56154520574,0.0179261177463249
"United Kingdom","GBR",2024,4,0.827302,0,0,0.827302,9.339503,8.512201,2647.56154520574,0.0312476966398797
"United Kingdom","GBR",2024,6,0.285906,0,0.285906,0,0.285906,0,2647.56154520574,0.0107988424487327
"United Kingdom","GBR",2024,7,0.290952,0,0,0.290952,4.150274,3.859322,2647.56154520574,0.0109894329190142
"United Kingdom","GBR",2024,9,1.009465,0.4358,0.023804,0.549861,0.023804,-0.985661,2647.56154520574,0.038128103266493
"United Kingdom","GBR",2024,10,0,0,0,0,2.706721,2.706721,2647.56154520574,0
"United Kingdom","GBR",2024,11,0.010194,0,0.001199,0.008995,0.001199,-0.008995,2647.56154520574,0.000385033542221503
"United Kingdom","GBR",2024,12,0.326108,0.00668,0.047703,0.271725,0.054383,-0.271725,2647.56154520574,0.0123172962906386
"United Kingdom","GBR",2025,1,0.092363,0,0.004171,0.088192,0.004171,-0.088192,2647.56154520574,0.00348860634296691
"United Kingdom","GBR",2025,2,0.267241,0,0.062597,0.204644,0.062597,-0.204644,2647.56154520574,0.0100938541158345
"United Kingdom","GBR",2025,3,2.809951,0,0,2.809951,0,-2.809951,2647.56154520574,0.106133547871184
"United Kingdom","GBR",2025,4,1.290721,0,0,1.290721,0,-1.290721,2647.56154520574,0.0487513124043241
"United Kingdom","GBR",2025,5,0.028927,0,0.028927,0,0.028927,0,2647.56154520574,0.00109259027622537
"United Kingdom","GBR",2025,6,0.541298,0,0,0.541298,0,-0.541298,2647.56154520574,0.0204451526719065
"United Kingdom","GBR",2025,7,0.043762,0.03,0.013762,0,0.357749,0.313987,2647.56154520574,0.00165291719390793
"United Kingdom","GBR",2025,9,0.180678,0,0.163416,0.017262,0,-0.180678,2647.56154520574,0.00682431727893826
"United Kingdom","GBR",2025,11,0.02091,0,0.02091,0,0,-0.02091,2647.56154520574,0.000789783339989368
"United Kingdom","GBR",2025,12,0.513407,0.005978,0.019429,0.488,0.005978,-0.507429,2647.56154520574,0.0193916927419379
"United Kingdom","GBR",2026,1,0.023034,0,0.023034,0,0,-0.023034,2647.56154520574,0.000870008103936638
"United Kingdom","GBR",2026,2,0.698869,0,0.078404,0.620465,0,-0.698869,2647.56154520574,0.02639670459278
"United Kingdom","GBR",2026,3,0.116298,0,0.000289,0.116009,0,-0.116298,2647.56154520574,0.00439264576155349
"United Kingdom","GBR",2026,4,1.172555,0,0,1.172555,0,-1.172555,2647.56154520574,0.0442881111535741
"United States","USA",2022,2,0.356201,0,0.047611,0.30859,0.047611,-0.30859,19712.7639612384,0.00180695614628373
"United States","USA",2022,3,1.073926,0,0.166399,0.907527,8.35683,7.282904,19712.7639612384,0.00544787124784573
"United States","USA",2022,4,2.760951,0.462161,0,2.29879,7.041118,4.280167,19712.7639612384,0.0140059050340628
"United States","USA",2022,5,1.076552,0.472657,0.367567,0.236328,7.457419,6.380867,19712.7639612384,0.00546119256597831
"United States","USA",2022,6,4.638028,1.230383,0.213382,3.194263,0.213382,-4.424646,19712.7639612384,0.023528045124062
"United States","USA",2022,7,3.517088,1.670121,0.383155,1.463812,0.383155,-3.133933,19712.7639612384,0.0178416786550873
"United States","USA",2022,8,9.692332,4.442937,0.011666,5.237729,0.011666,-9.680666,19712.7639612384,0.049167798179181
"United States","USA",2022,9,2.434176,0,0.0361,2.398076,11.344922,8.910746,19712.7639612384,0.012348222729123
"United States","USA",2022,10,1.653832,0,0,1.653832,0,-1.653832,19712.7639612384,0.0083896504987934
"United States","USA",2022,11,5.612045,4.411214,0.024507,1.176324,0,-5.612045,19712.7639612384,0.0284690924673734
"United States","USA",2022,12,2.623729,0,0.616893,2.006836,35.646238,33.022509,19712.7639612384,0.0133097976780887
"United States","USA",2023,1,5.3394,0,0,5.3394,0,-5.3394,19712.7639612384,0.0270860038221884
"United States","USA",2023,2,6.659387,2.333156,0.00056,4.325671,0,-6.659387,19712.7639612384,0.033782106928762
"United States","USA",2023,3,0.700553,0,0,0.700553,0,-0.700553,19712.7639612384,0.00355380402959987
"United States","USA",2023,4,4.946333,2.279416,0,2.666917,0,-4.946333,19712.7639612384,0.0250920317908036
"United States","USA",2023,5,2.26363,0,0,2.26363,0,-2.26363,19712.7639612384,0.0114830675416752
"United States","USA",2023,6,3.942485,1.153151,0.090961,2.698373,0,-3.942485,19712.7639612384,0.0199996560997341
"United States","USA",2023,7,2.712984,0,0.452207,2.260777,0,-2.712984,19712.7639612384,0.0137625753817912
"United States","USA",2023,8,0.412508,0,0,0.412508,0,-0.412508,19712.7639612384,0.00209259341212183
"United States","USA",2023,9,4.605055,3.468148,0.107312,1.029595,0,-4.605055,19712.7639612384,0.023360777864814
"United States","USA",2023,10,0.33136,0,0,0.33136,0,-0.33136,19712.7639612384,0.0016809413466907
"United States","USA",2023,11,0.532003,0,0.023131,0.508872,0,-0.532003,19712.7639612384,0.00269877426141808
"United States","USA",2023,12,0.573234,0,0,0.573234,0,-0.573234,19712.7639612384,0.00290793316009446
"United States","USA",2024,2,0.000449,0,0.000449,0,0.000449,0,19712.7639612384,0.00000227771204932438
"United States","USA",2024,3,0.275933,0,0,0.275933,0,-0.275933,19712.7639612384,0.00139976819355506
"United States","USA",2024,4,6.984681,0.237701,0.093216,6.653764,29.336035,22.351354,19712.7639612384,0.0354322763349378
"United States","USA",2024,5,0.716781,0,0,0.716781,0,-0.716781,19712.7639612384,0.00363612632611755
"United States","USA",2024,6,0.918468,0,0.291086,0.627382,0.291086,-0.627382,19712.7639612384,0.00465925530182375
"United States","USA",2024,7,3.942241,0,0,3.942241,0,-3.942241,19712.7639612384,0.0199984183230303
"United States","USA",2024,8,3.767645,3.540624,0,0.227021,0,-3.767645,19712.7639612384,0.0191127180714404
"United States","USA",2024,9,2.984873,0,0.26112,2.723753,0.26112,-2.723753,19712.7639612384,0.0151418289483363
"United States","USA",2024,10,19.375416,18.341308,0.277529,0.756579,18.570574,-0.804842,19712.7639612384,0.0982886825921434
"United States","USA",2024,11,0.660236,0,0.001731,0.658505,0.001731,-0.658505,19712.7639612384,0.00334928172070764
"United States","USA",2024,12,6.813217,3.254205,0,3.559012,0,-6.813217,19712.7639612384,0.0345624642662844
"United States","USA",2025,1,0.482918,0,0,0.482918,0,-0.482918,19712.7639612384,0.00244977315687223
